Date,Yen
27-Aug-98,29.6191
28-Aug-98,29.8151
1-Sep-98,30.5548
2-Sep-98,30.8859
3-Sep-98,31.1566
4-Sep-98,31.482
10-Sep-98,31.3254
11-Sep-98,32.2654
14-Sep-98,32.1141
15-Sep-98,31.904
16-Sep-98,31.6266
17-Sep-98,31.5766
18-Sep-98,32.1636
21-Sep-98,31.7309
22-Sep-98,31.5686
23-Sep-98,31.3289
24-Sep-98,31.121
25-Sep-98,31.3913
28-Sep-98,31.332
29-Sep-98,31.4974
5-Oct-98,31.4429
6-Oct-98,31.9349
7-Oct-98,32.7521
8-Oct-98,34.4654
9-Oct-98,36.3795
11-Oct-98,34.5602
13-Oct-98,35.6331
14-Oct-98,35.2833
15-Oct-98,35.8178
16-Oct-98,36.4185
20-Oct-98,36.7028
23-Oct-98,35.6111
26-Oct-98,35.5404
27-Oct-98,35.407
28-Oct-98,35.8828
29-Oct-98,36.203
30-Oct-98,36.6601
2-Nov-98,36.4954
3-Nov-98,36.6322
5-Nov-98,35.9355
6-Nov-98,35.8501
9-Nov-98,35.3827
10-Nov-98,34.5606
11-Nov-98,34.9032
12-Nov-98,34.3728
13-Nov-98,34.817
16-Nov-98,34.5777
17-Nov-98,34.94
18-Nov-98,34.9775
19-Nov-98,34.9102
20-Nov-98,35.4514
23-Nov-98,35.236
24-Nov-98,34.9838
25-Nov-98,35.2326
26-Nov-98,34.884
27-Nov-98,34.6085
30-Nov-98,34.4415
1-Dec-98,34.6574
2-Dec-98,34.6982
3-Dec-98,35.6215
4-Dec-98,35.8988
7-Dec-98,35.8107
8-Dec-98,35.4326
9-Dec-98,35.8523
10-Dec-98,36.2491
11-Dec-98,36.3799
14-Dec-98,36.7567
15-Dec-98,36.5533
16-Dec-98,36.6416
17-Dec-98,36.6178
18-Dec-98,36.6803
21-Dec-98,37.0725
22-Dec-98,36.3038
23-Dec-98,36.6068
24-Dec-98,36.5857
28-Dec-98,36.5763
29-Dec-98,36.8847
30-Dec-98,36.8887
31-Dec-98,37.4686
1-Jan-99,-
4-Jan-99,37.4703
5-Jan-99,38.208
6-Jan-99,37.7229
7-Jan-99,38.0322
8-Jan-99,38.0799
11-Jan-99,38.384
12-Jan-99,38.1563
13-Jan-99,37.899
14-Jan-99,37.5813
15-Jan-99,37.7273
18-Jan-99,37.3329
19-Jan-99,37.0741
21-Jan-99,37.5612
22-Jan-99,37.3533
25-Jan-99,37.1428
27-Jan-99,37.3949
28-Jan-99,36.7647
29-Jan-99,36.6221
1-Feb-99,36.7485
2-Feb-99,37.407
3-Feb-99,37.8
4-Feb-99,37.3357
5-Feb-99,37.9564
8-Feb-99,37.4169
9-Feb-99,37.1142
10-Feb-99,36.8212
11-Feb-99,37.1804
12-Feb-99,37.1293
15-Feb-99,37.1237
16-Feb-99,36.3782
17-Feb-99,35.9932
18-Feb-99,35.8076
19-Feb-99,35.3814
22-Feb-99,34.7398
23-Feb-99,35.2638
24-Feb-99,35.0014
1-Mar-99,35.6403
3-Mar-99,35.126
4-Mar-99,34.7837
5-Mar-99,34.6364
8-Mar-99,34.8819
9-Mar-99,35.0398
10-Mar-99,35.0122
11-Mar-99,35.4429
12-Mar-99,35.4174
15-Mar-99,35.85
16-Mar-99,36.0412
17-Mar-99,35.7283
19-Mar-99,36.1468
22-Mar-99,36.0581
23-Mar-99,35.7871
24-Mar-99,36.0498
26-Mar-99,35.7052
30-Mar-99,35.3245
31-Mar-99,35.326
5-Apr-99,34.9626
6-Apr-99,35.089
7-Apr-99,35.2616
8-Apr-99,35.3132
9-Apr-99,35.3182
12-Apr-99,35.4607
13-Apr-99,35.4794
15-Apr-99,36.0173
16-Apr-99,36.1898
19-Apr-99,36.2307
20-Apr-99,36.2474
21-Apr-99,35.9803
22-Apr-99,35.591
23-Apr-99,35.7567
26-Apr-99,36.1193
28-Apr-99,35.9681
29-Apr-99,35.9273
3-May-99,35.7663
4-May-99,35.5553
5-May-99,35.3282
6-May-99,35.4767
7-May-99,35.4522
10-May-99,35.4019
11-May-99,35.3744
12-May-99,35.4081
13-May-99,35.2286
14-May-99,35.0306
17-May-99,35.5871
18-May-99,34.8091
19-May-99,34.5377
20-May-99,34.2834
21-May-99,34.5077
24-May-99,34.4757
25-May-99,34.7681
26-May-99,35.1059
27-May-99,35.0634
28-May-99,35.6941
31-May-99,35.3014
1-Jun-99,35.3932
2-Jun-99,35.6511
3-Jun-99,35.2709
4-Jun-99,35.3125
7-Jun-99,35.5792
8-Jun-99,35.4474
9-Jun-99,36.093
10-Jun-99,36.4747
11-Jun-99,36.2442
14-Jun-99,35.7628
15-Jun-99,35.8742
16-Jun-99,35.8661
17-Jun-99,35.9525
18-Jun-99,36.1405
21-Jun-99,35.4361
22-Jun-99,35.4321
23-Jun-99,35.4528
24-Jun-99,35.5237
25-Jun-99,35.687
28-Jun-99,35.7948
29-Jun-99,35.7328
30-Jun-99,35.8584
1-Jul-99,35.9225
2-Jul-99,35.8602
5-Jul-99,35.3451
6-Jul-99,35.4478
7-Jul-99,35.4604
8-Jul-99,35.4263
9-Jul-99,35.4016
12-Jul-99,35.4237
13-Jul-99,35.3837
14-Jul-99,35.6957
15-Jul-99,35.8774
16-Jul-99,35.7807
19-Jul-99,35.9238
20-Jul-99,36.5421
21-Jul-99,36.4141
22-Jul-99,36.4756
23-Jul-99,36.9426
26-Jul-99,37.1416
27-Jul-99,37.1512
28-Jul-99,37.4131
29-Jul-99,37.4546
30-Jul-99,37.5749
2-Aug-99,37.8771
3-Aug-99,37.5519
4-Aug-99,37.6662
5-Aug-99,37.8329
6-Aug-99,37.9564
9-Aug-99,37.7972
10-Aug-99,37.8702
11-Aug-99,37.9163
12-Aug-99,37.5924
13-Aug-99,37.8242
16-Aug-99,37.814
17-Aug-99,37.8206
18-Aug-99,38.1461
19-Aug-99,38.9666
20-Aug-99,38.9287
23-Aug-99,39.3314
24-Aug-99,38.6669
25-Aug-99,39.1771
26-Aug-99,39.2656
27-Aug-99,39.0013
30-Aug-99,39.2066
31-Aug-99,39.265
1-Sep-99,39.7883
2-Sep-99,39.8995
3-Sep-99,39.6542
7-Sep-99,39.6211
8-Sep-99,39.2318
9-Sep-99,39.9468
10-Sep-99,40.0074
14-Sep-99,40.9851
15-Sep-99,41.2677
16-Sep-99,41.5248
17-Sep-99,40.8764
20-Sep-99,40.5022
21-Sep-99,40.818
22-Sep-99,41.6249
23-Sep-99,42.0575
24-Sep-99,41.628
27-Sep-99,41.7397
28-Sep-99,41.0322
29-Sep-99,41.0357
1-Oct-99,41.1845
4-Oct-99,41.1777
5-Oct-99,40.9433
6-Oct-99,40.6435
7-Oct-99,40.3802
8-Oct-99,40.377
11-Oct-99,40.4367
12-Oct-99,40.7325
13-Oct-99,40.9586
14-Oct-99,40.4662
15-Oct-99,40.8647
18-Oct-99,41.2269
20-Oct-99,40.818
21-Oct-99,40.9423
22-Oct-99,41.2247
25-Oct-99,41.0598
26-Oct-99,41.3242
27-Oct-99,41.7287
28-Oct-99,41.645
29-Oct-99,41.3035
1-Nov-99,41.625
2-Nov-99,41.3685
3-Nov-99,41.8011
4-Nov-99,41.4903
5-Nov-99,41.3777
8-Nov-99,40.8814
11-Nov-99,41.2841
12-Nov-99,41.3964
15-Nov-99,41.413
16-Nov-99,41.2848
17-Nov-99,40.9903
18-Nov-99,41.0189
19-Nov-99,40.987
22-Nov-99,40.935
24-Nov-99,41.4862
25-Nov-99,41.5151
26-Nov-99,41.651
29-Nov-99,41.9891
30-Nov-99,42.2688
1-Dec-99,42.5152
2-Dec-99,42.3298
3-Dec-99,42.3675
6-Dec-99,42.5026
7-Dec-99,42.1141
8-Dec-99,42.3266
9-Dec-99,42.1758
10-Dec-99,42.4112
13-Dec-99,42.405
14-Dec-99,42.2453
15-Dec-99,42.0274
16-Dec-99,42.2319
17-Dec-99,42.2226
20-Dec-99,42.2226
21-Dec-99,42.4466
22-Dec-99,42.6596
23-Dec-99,42.9
24-Dec-99,42.3187
27-Dec-99,42.3564
28-Dec-99,42.4908
29-Dec-99,42.5409
30-Dec-99,42.6123
3-Jan-00,42.6672
4-Jan-00,42.5013
5-Jan-00,42.2729
6-Jan-00,41.7058
7-Jan-00,41.3298
10-Jan-00,41.4769
11-Jan-00,41.3041
12-Jan-00,41.0196
13-Jan-00,41.2118
14-Jan-00,41.074
17-Jan-00,41.4003
18-Jan-00,41.515
19-Jan-00,41.2654
20-Jan-00,41.3538
21-Jan-00,41.5146
24-Jan-00,41.5935
25-Jan-00,41.2045
27-Jan-00,41.2631
28-Jan-00,41.5629
31-Jan-00,40.8327
1-Feb-00,40.5959
2-Feb-00,40.1107
3-Feb-00,40.2933
4-Feb-00,40.5121
7-Feb-00,40.4508
8-Feb-00,39.8921
9-Feb-00,40.1289
10-Feb-00,40.186
11-Feb-00,39.9377
14-Feb-00,40.3476
15-Feb-00,40.0336
16-Feb-00,39.9632
17-Feb-00,39.5632
18-Feb-00,39.3314
21-Feb-00,39.4213
22-Feb-00,39.2352
23-Feb-00,39.5215
24-Feb-00,39.3326
25-Feb-00,39.347
28-Feb-00,40.0312
29-Feb-00,39.2357
1-Mar-00,39.9281
2-Mar-00,40.5647
3-Mar-00,40.494
6-Mar-00,40.5466
7-Mar-00,40.4719
8-Mar-00,40.6418
9-Mar-00,40.7842
10-Mar-00,41.0182
13-Mar-00,41.1773
14-Mar-00,41.4113
15-Mar-00,41.2882
16-Mar-00,41.2439
21-Mar-00,40.9127
22-Mar-00,40.8568
23-Mar-00,40.6035
24-Mar-00,40.5959
27-Mar-00,40.7915
28-Mar-00,40.9635
29-Mar-00,41.1206
30-Mar-00,41.2933
31-Mar-00,41.5076
3-Apr-00,41.4422
4-Apr-00,41.5426
6-Apr-00,41.5662
7-Apr-00,41.5705
10-Apr-00,41.2096
11-Apr-00,40.8692
13-Apr-00,41.2422
14-Apr-00,42.0702
17-Apr-00,42.0698
18-Apr-00,41.7987
19-Apr-00,41.6051
20-Apr-00,41.6214
21-Apr-00,41.6216
24-Apr-00,41.3215
25-Apr-00,41.447
26-Apr-00,41.3075
27-Apr-00,41.0627
28-Apr-00,41.0166
2-May-00,40.2675
3-May-00,40.2583
4-May-00,39.9634
5-May-00,40.5841
8-May-00,40.0974
9-May-00,40.1176
10-May-00,39.958
11-May-00,39.9581
12-May-00,40.6103
15-May-00,40.4985
16-May-00,40.3265
17-May-00,40.308
19-May-00,40.6245
22-May-00,41.0742
23-May-00,41.1431
24-May-00,41.3722
25-May-00,41.12
26-May-00,41.22
29-May-00,41.57
30-May-00,41.7
31-May-00,41.81
1-Jun-00,41.11
2-Jun-00,40.97
5-Jun-00,41.33
6-Jun-00,41.7
7-Jun-00,42.21
8-Jun-00,42.25
9-Jun-00,42.18
12-Jun-00,41.93
13-Jun-00,41.99
14-Jun-00,42
16-Jun-00,42.06
19-Jun-00,42.09
20-Jun-00,42.24
21-Jun-00,42.38
22-Jun-00,42.41
23-Jun-00,42.71
26-Jun-00,42.75
27-Jun-00,42.31
28-Jun-00,42.33
29-Jun-00,42.5
30-Jun-00,42.34
3-Jul-00,42.04
4-Jul-00,42.04
5-Jul-00,42.18
6-Jul-00,42.78
7-Jul-00,41.59
10-Jul-00,41.76
11-Jul-00,41.83
13-Jul-00,41.27
14-Jul-00,41.43
17-Jul-00,41.33
18-Jul-00,41.36
19-Jul-00,41.45
20-Jul-00,41.43
21-Jul-00,41.59
24-Jul-00,41.17
25-Jul-00,41.21
26-Jul-00,41.08
27-Jul-00,41.2
28-Jul-00,41.33
31-Jul-00,41.1
1-Aug-00,41.22
2-Aug-00,41.72
3-Aug-00,41.76
4-Aug-00,41.83
7-Aug-00,41.93
8-Aug-00,42.1
9-Aug-00,42.13
10-Aug-00,42.44
11-Aug-00,42.25
14-Aug-00,42.1
16-Aug-00,41.86
17-Aug-00,42.2
18-Aug-00,42.11
22-Aug-00,42.26
23-Aug-00,42.63
24-Aug-00,42.89
25-Aug-00,42.86
28-Aug-00,43.13
29-Aug-00,42.94
30-Aug-00,43.17
31-Aug-00,43.07
4-Sep-00,43.23
5-Sep-00,43
6-Sep-00,43.1
7-Sep-00,42.94
8-Sep-00,43.23
11-Sep-00,42.97
12-Sep-00,42.95
13-Sep-00,42.66
14-Sep-00,42.66
15-Sep-00,42.57
18-Sep-00,42.91
19-Sep-00,43.26
20-Sep-00,43.33
21-Sep-00,43.31
22-Sep-00,43.15
23-Sep-00,42.69
26-Sep-00,42.92
27-Sep-00,42.89
28-Sep-00,42.91
29-Sep-00,42.84
3-Oct-00,42.32
4-Oct-00,42.34
5-Oct-00,42.21
6-Oct-00,42.38
9-Oct-00,42.28
10-Oct-00,42.51
11-Oct-00,42.96
12-Oct-00,42.94
13-Oct-00,43.11
16-Oct-00,42.92
17-Oct-00,42.86
18-Oct-00,42.89
19-Oct-00,43
20-Oct-00,42.71
23-Oct-00,42.58
24-Oct-00,42.9
25-Oct-00,43.04
27-Oct-00,43.14
30-Oct-00,43.14
31-Oct-00,43
1-Nov-00,42.98
2-Nov-00,43.22
3-Nov-00,43.17
6-Nov-00,43.48
7-Nov-00,43.46
8-Nov-00,43.57
9-Nov-00,43.54
10-Nov-00,43.44
13-Nov-00,43.35
14-Nov-00,43.43
15-Nov-00,43.21
16-Nov-00,43.07
17-Nov-00,43.06
20-Nov-00,42.89
21-Nov-00,42.58
22-Nov-00,42.59
23-Nov-00,42.53
24-Nov-00,42.3
27-Nov-00,42.19
28-Nov-00,42.5
29-Nov-00,42.62
30-Nov-00,42.18
1-Dec-00,42.35
4-Dec-00,42.18
5-Dec-00,42.14
6-Dec-00,42.21
7-Dec-00,42.39
8-Dec-00,42.28
11-Dec-00,42.19
12-Dec-00,42.16
13-Dec-00,41.64
14-Dec-00,41.52
15-Dec-00,41.58
18-Dec-00,41.54
19-Dec-00,41.65
20-Dec-00,41.37
21-Dec-00,41.35
22-Dec-00,41.48
26-Dec-00,41.19
27-Dec-00,40.95
29-Dec-00,40.74
1-Jan-01,40.78
2-Jan-01,40.79
3-Jan-01,40.77
4-Jan-01,41.06
5-Jan-01,40.12
8-Jan-01,40.14
9-Jan-01,40.27
10-Jan-01,40.14
11-Jan-01,39.95
12-Jan-01,39.49
15-Jan-01,39.03
16-Jan-01,39.5
17-Jan-01,39.55
18-Jan-01,39.02
19-Jan-01,39.5
22-Jan-01,39.75
23-Jan-01,39.59
24-Jan-01,39.67
25-Jan-01,39.46
29-Jan-01,39.71
30-Jan-01,39.82
31-Jan-01,39.88
1-Feb-01,39.86
2-Feb-01,40.27
5-Feb-01,40.02
6-Feb-01,40.32
7-Feb-01,40.4
8-Feb-01,39.96
9-Feb-01,39.84
12-Feb-01,39.44
13-Feb-01,39.72
14-Feb-01,39.95
15-Feb-01,40.03
16-Feb-01,40.2
20-Feb-01,40.14
22-Feb-01,40.22
23-Feb-01,39.92
26-Feb-01,40.15
27-Feb-01,40.19
28-Feb-01,40.16
1-Mar-01,39.7
2-Mar-01,39.51
5-Mar-01,39.01
7-Mar-01,38.93
8-Mar-01,38.68
9-Mar-01,38.93
12-Mar-01,38.59
13-Mar-01,38.79
14-Mar-01,38.86
15-Mar-01,38.66
16-Mar-01,38.12
19-Mar-01,37.85
20-Mar-01,38.05
21-Mar-01,38
22-Mar-01,37.75
23-Mar-01,37.99
27-Mar-01,38.1
28-Mar-01,38.17
29-Mar-01,38.03
30-Mar-01,37.43
3-Apr-01,37.05
4-Apr-01,37.01
9-Apr-01,37.26
10-Apr-01,37.39
11-Apr-01,37.57
12-Apr-01,38.08
16-Apr-01,37.71
17-Apr-01,38.14
18-Apr-01,38.15
19-Apr-01,38.32
20-Apr-01,38.42
23-Apr-01,38.31
24-Apr-01,38.57
25-Apr-01,38.35
26-Apr-01,38.28
27-Apr-01,37.84
30-Apr-01,37.84
2-May-01,38.38
3-May-01,38.55
4-May-01,38.65
8-May-01,38.58
9-May-01,38.5
10-May-01,38.34
11-May-01,38.22
14-May-01,38.23
15-May-01,38.12
16-May-01,37.92
17-May-01,38.14
18-May-01,38.07
21-May-01,38.14
22-May-01,38.29
23-May-01,38.7
24-May-01,39.19
25-May-01,38.96
28-May-01,38.77
29-May-01,38.91
30-May-01,39.02
31-May-01,39.39
1-Jun-01,39.56
4-Jun-01,39.37
6-Jun-01,39
7-Jun-01,39.09
8-Jun-01,39.08
11-Jun-01,38.65
12-Jun-01,38.58
13-Jun-01,38.5
14-Jun-01,38.57
15-Jun-01,38.69
18-Jun-01,38.15
19-Jun-01,37.99
20-Jun-01,38.23
21-Jun-01,37.95
22-Jun-01,37.81
25-Jun-01,37.84
26-Jun-01,38.06
27-Jun-01,37.8
28-Jun-01,37.68
29-Jun-01,37.91
2-Jul-01,37.78
3-Jul-01,38.04
4-Jul-01,37.75
5-Jul-01,37.58
6-Jul-01,37.5
9-Jul-01,37.55
10-Jul-01,37.5
11-Jul-01,37.52
12-Jul-01,38.01
13-Jul-01,37.99
16-Jul-01,37.75
17-Jul-01,37.56
18-Jul-01,37.63
19-Jul-01,38.06
20-Jul-01,38.3
23-Jul-01,38.19
24-Jul-01,37.96
25-Jul-01,37.91
26-Jul-01,38.25
27-Jul-01,38.12
30-Jul-01,37.81
31-Jul-01,37.76
1-Aug-01,37.77
2-Aug-01,37.87
3-Aug-01,38.01
6-Aug-01,37.94
7-Aug-01,38.08
8-Aug-01,38.15
9-Aug-01,38.08
10-Aug-01,38.65
13-Aug-01,38.3
14-Aug-01,38.37
16-Aug-01,39.32
17-Aug-01,39.18
20-Aug-01,39.18
23-Aug-01,39.2
24-Aug-01,39.37
27-Aug-01,39.21
28-Aug-01,39.26
29-Aug-01,39.28
30-Aug-01,39.4
31-Aug-01,39.66
3-Sep-01,39.64
4-Sep-01,39.67
5-Sep-01,39.41
6-Sep-01,38.87
7-Sep-01,39
10-Sep-01,39.41
11-Sep-01,39
12-Sep-01,39.88
13-Sep-01,39.82
14-Sep-01,40.06
17-Sep-01,40.96
18-Sep-01,40.73
19-Sep-01,40.67
20-Sep-01,40.92
21-Sep-01,40.98
24-Sep-01,41.14
25-Sep-01,40.81
26-Sep-01,40.84
27-Sep-01,40.36
28-Sep-01,40.18
1-Oct-01,40.07
3-Oct-01,39.71
4-Oct-01,39.84
5-Oct-01,39.81
8-Oct-01,40.09
9-Oct-01,40.17
10-Oct-01,39.93
11-Oct-01,39.9
12-Oct-01,39.59
15-Oct-01,39.68
16-Oct-01,39.75
17-Oct-01,39.47
18-Oct-01,39.72
19-Oct-01,39.62
22-Oct-01,39.54
23-Oct-01,39.09
24-Oct-01,39.18
25-Oct-01,39.01
29-Oct-01,39.2
30-Oct-01,39.34
31-Oct-01,39.38
1-Nov-01,39.23
2-Nov-01,39.39
5-Nov-01,39.38
6-Nov-01,39.43
7-Nov-01,39.71
8-Nov-01,39.68
9-Nov-01,39.92
12-Nov-01,39.8
13-Nov-01,39.72
15-Nov-01,39.33
19-Nov-01,38.97
20-Nov-01,38.97
21-Nov-01,38.91
22-Nov-01,38.97
23-Nov-01,38.78
26-Nov-01,38.67
27-Nov-01,38.58
28-Nov-01,38.85
29-Nov-01,39.01
3-Dec-01,38.78
4-Dec-01,38.63
5-Dec-01,38.58
6-Dec-01,38.43
7-Dec-01,38.28
10-Dec-01,38.06
11-Dec-01,37.98
12-Dec-01,38.02
13-Dec-01,37.96
14-Dec-01,37.59
18-Dec-01,37.28
19-Dec-01,37.27
20-Dec-01,37.15
21-Dec-01,36.97
24-Dec-01,36.95
26-Dec-01,36.78
27-Dec-01,36.47
28-Dec-01,36.74
31-Dec-01,36.68
1-Jan-02,36.63
2-Jan-02,36.69
3-Jan-02,36.58
4-Jan-02,36.81
7-Jan-02,36.9
8-Jan-02,36.41
9-Jan-02,36.42
10-Jan-02,36.63
11-Jan-02,36.6
14-Jan-02,36.71
15-Jan-02,36.82
16-Jan-02,37
17-Jan-02,36.56
18-Jan-02,36.35
21-Jan-02,36.46
22-Jan-02,36.12
23-Jan-02,36.06
24-Jan-02,35.91
25-Jan-02,35.87
28-Jan-02,36.12
29-Jan-02,36.32
30-Jan-02,36.56
31-Jan-02,36.57
1-Feb-02,36.14
4-Feb-02,36.4
5-Feb-02,36.76
6-Feb-02,36.4
7-Feb-02,36.36
8-Feb-02,36.41
11-Feb-02,36.15
12-Feb-02,36.5
13-Feb-02,36.57
14-Feb-02,36.79
15-Feb-02,36.69
18-Feb-02,36.7
19-Feb-02,36.46
20-Feb-02,36.49
21-Feb-02,36.43
22-Feb-02,36.33
25-Feb-02,36.47
26-Feb-02,36.42
27-Feb-02,36.25
28-Feb-02,36.41
1-Mar-02,36.49
4-Mar-02,36.7
5-Mar-02,36.76
6-Mar-02,36.89
7-Mar-02,37.55
8-Mar-02,38.21
11-Mar-02,37.84
13-Mar-02,37.72
14-Mar-02,37.85
15-Mar-02,37.72
18-Mar-02,37.51
19-Mar-02,37.08
20-Mar-02,36.87
21-Mar-02,37.09
22-Mar-02,36.82
26-Mar-02,36.71
27-Mar-02,36.77
28-Mar-02,36.82
2-Apr-02,36.58
3-Apr-02,36.83
4-Apr-02,36.92
5-Apr-02,36.93
8-Apr-02,37.16
9-Apr-02,37.12
10-Apr-02,37.49
11-Apr-02,37.21
12-Apr-02,37.05
15-Apr-02,37.15
16-Apr-02,37.18
17-Apr-02,37.34
18-Apr-02,37.44
19-Apr-02,37.61
22-Apr-02,37.59
23-Apr-02,37.68
24-Apr-02,37.62
26-Apr-02,38.17
29-Apr-02,38.32
30-Apr-02,38.27
2-May-02,38.53
3-May-02,38.3
6-May-02,38.47
7-May-02,38.55
8-May-02,38.21
9-May-02,38.11
10-May-02,38.12
13-May-02,38.5
14-May-02,38.23
15-May-02,38.16
16-May-02,38.41
17-May-02,38.4
20-May-02,38.99
21-May-02,38.94
22-May-02,39.29
23-May-02,39.48
24-May-02,39.22
27-May-02,39.26
28-May-02,39.25
29-May-02,39.34
30-May-02,39.47
31-May-02,39.49
3-Jun-02,39.45
4-Jun-02,39.66
5-Jun-02,39.53
6-Jun-02,39.24
7-Jun-02,39.44
10-Jun-02,39.25
11-Jun-02,39.29
12-Jun-02,39.06
13-Jun-02,38.95
14-Jun-02,39.3
17-Jun-02,39.46
18-Jun-02,39.33
19-Jun-02,39.42
20-Jun-02,39.48
21-Jun-02,39.67
24-Jun-02,40.15
25-Jun-02,40.19
26-Jun-02,40.63
27-Jun-02,40.72
28-Jun-02,40.89
1-Jul-02,40.87
2-Jul-02,40.72
3-Jul-02,40.56
4-Jul-02,40.58
5-Jul-02,40.52
8-Jul-02,41.05
9-Jul-02,41.11
10-Jul-02,41.37
11-Jul-02,41.47
12-Jul-02,41.71
15-Jul-02,42.02
16-Jul-02,42.02
17-Jul-02,42.12
18-Jul-02,41.83
19-Jul-02,42.06
22-Jul-02,41.93
23-Jul-02,41.57
24-Jul-02,41.46
25-Jul-02,41.85
26-Jul-02,41.41
29-Jul-02,40.86
30-Jul-02,40.55
31-Jul-02,40.68
1-Aug-02,40.64
2-Aug-02,40.85
5-Aug-02,40.78
6-Aug-02,40.59
7-Aug-02,40.31
8-Aug-02,40.47
9-Aug-02,40.28
12-Aug-02,40.52
13-Aug-02,40.9
14-Aug-02,41.48
16-Aug-02,41.29
19-Aug-02,41.14
20-Aug-02,40.81
21-Aug-02,41.21
22-Aug-02,40.9
23-Aug-02,40.39
26-Aug-02,40.54
27-Aug-02,40.83
28-Aug-02,40.93
29-Aug-02,41.07
30-Aug-02,41.1
2-Sep-02,40.88
3-Sep-02,41.09
4-Sep-02,41.34
5-Sep-02,41.2
6-Sep-02,41.01
9-Sep-02,40.96
11-Sep-02,40.46
12-Sep-02,40.27
13-Sep-02,40.52
16-Sep-02,39.7
17-Sep-02,39.47
18-Sep-02,39.47
19-Sep-02,39.76
20-Sep-02,39.46
23-Sep-02,39.38
24-Sep-02,39.14
25-Sep-02,39.48
26-Sep-02,39.37
27-Sep-02,39.56
1-Oct-02,39.61
3-Oct-02,39.39
4-Oct-02,39.39
7-Oct-02,39.07
8-Oct-02,38.95
9-Oct-02,39
10-Oct-02,39.16
11-Oct-02,38.98
14-Oct-02,39.02
16-Oct-02,38.89
17-Oct-02,38.92
18-Oct-02,38.64
21-Oct-02,38.7
22-Oct-02,38.61
23-Oct-02,38.89
24-Oct-02,39.01
25-Oct-02,39
28-Oct-02,38.77
29-Oct-02,39.23
30-Oct-02,39.29
31-Oct-02,39.53
1-Nov-02,39.43
5-Nov-02,39.62
6-Nov-02,39.48
7-Nov-02,39.69
8-Nov-02,39.87
11-Nov-02,40.33
12-Nov-02,40.31
13-Nov-02,40.38
14-Nov-02,40.08
15-Nov-02,39.98
18-Nov-02,39.87
20-Nov-02,39.39
21-Nov-02,39.39
22-Nov-02,39.27
25-Nov-02,39.33
26-Nov-02,39.54
27-Nov-02,39.61
28-Nov-02,39.46
29-Nov-02,39.46
2-Dec-02,39.18
3-Dec-02,38.73
4-Dec-02,38.62
5-Dec-02,38.52
6-Dec-02,38.55
9-Dec-02,39.33
10-Dec-02,39
11-Dec-02,39.11
12-Dec-02,39.1
13-Dec-02,39.27
16-Dec-02,39.92
17-Dec-02,39.84
18-Dec-02,39.71
19-Dec-02,39.71
20-Dec-02,39.82
23-Dec-02,39.91
24-Dec-02,39.89
26-Dec-02,39.94
27-Dec-02,40.03
30-Dec-02,39.99
31-Dec-02,40.53
1-Jan-03,40.39
2-Jan-03,40.34
3-Jan-03,39.99
6-Jan-03,40.21
7-Jan-03,40.19
8-Jan-03,40.01
9-Jan-03,40.32
10-Jan-03,40.03
13-Jan-03,40.22
14-Jan-03,40.31
15-Jan-03,40.55
16-Jan-03,40.59
17-Jan-03,40.63
20-Jan-03,40.53
21-Jan-03,40.36
22-Jan-03,40.54
23-Jan-03,40.43
24-Jan-03,40.59
27-Jan-03,40.63
28-Jan-03,40.4
29-Jan-03,40.58
30-Jan-03,40.33
31-Jan-03,40.13
3-Feb-03,39.73
4-Feb-03,39.8
5-Feb-03,40
6-Feb-03,39.79
7-Feb-03,39.81
10-Feb-03,39.59
11-Feb-03,39.29
12-Feb-03,39.57
14-Feb-03,39.75
17-Feb-03,39.6
18-Feb-03,40.03
19-Feb-03,40.07
20-Feb-03,40.1
21-Feb-03,40.31
24-Feb-03,40.21
25-Feb-03,40.69
26-Feb-03,40.59
27-Feb-03,40.75
28-Feb-03,40.5
3-Mar-03,40.37
4-Mar-03,40.55
5-Mar-03,40.56
6-Mar-03,40.6
7-Mar-03,40.62
10-Mar-03,40.8
11-Mar-03,40.66
12-Mar-03,40.57
13-Mar-03,40.36
17-Mar-03,40.45
19-Mar-03,40.15
20-Mar-03,39.82
21-Mar-03,39.61
24-Mar-03,39.42
25-Mar-03,39.85
26-Mar-03,39.64
27-Mar-03,39.67
28-Mar-03,39.61
31-Mar-03,39.83
3-Apr-03,39.98
4-Apr-03,39.47
7-Apr-03,39.26
8-Apr-03,39.62
9-Apr-03,39.57
10-Apr-03,39.54
16-Apr-03,39.38
17-Apr-03,39.79
21-Apr-03,39.43
22-Apr-03,39.29
23-Apr-03,39.39
24-Apr-03,39.53
25-Apr-03,39.29
28-Apr-03,39.45
29-Apr-03,39.48
30-Apr-03,39.67
2-May-03,39.89
5-May-03,39.8
6-May-03,39.9
7-May-03,40.15
8-May-03,40.56
9-May-03,40.25
12-May-03,40.36
13-May-03,40.45
14-May-03,40.43
19-May-03,40.84
20-May-03,40.06
21-May-03,40.09
22-May-03,39.87
23-May-03,40.01
26-May-03,40.15
27-May-03,40.03
28-May-03,40.09
29-May-03,39.51
30-May-03,39.75
2-Jun-03,39.61
3-Jun-03,39.71
4-Jun-03,39.5
5-Jun-03,39.55
6-Jun-03,39.73
9-Jun-03,39.62
10-Jun-03,39.64
11-Jun-03,39.66
12-Jun-03,39.65
13-Jun-03,39.71
16-Jun-03,39.62
17-Jun-03,39.66
18-Jun-03,39.39
19-Jun-03,39.29
20-Jun-03,39.36
23-Jun-03,39.36
24-Jun-03,39.5
25-Jun-03,39.63
26-Jun-03,39.34
27-Jun-03,38.85
30-Jun-03,38.78
1-Jul-03,38.76
2-Jul-03,39.01
3-Jul-03,39.25
4-Jul-03,39.17
7-Jul-03,39.25
8-Jul-03,39.24
9-Jul-03,39.14
10-Jul-03,39.22
11-Jul-03,39.14
14-Jul-03,39.12
15-Jul-03,39.21
16-Jul-03,39.06
17-Jul-03,39.14
18-Jul-03,38.83
21-Jul-03,39.08
22-Jul-03,38.8
23-Jul-03,38.8
24-Jul-03,38.84
25-Jul-03,38.71
28-Jul-03,38.72
29-Jul-03,38.66
30-Jul-03,38.46
31-Jul-03,38.45
1-Aug-03,38.33
4-Aug-03,38.45
5-Aug-03,38.32
6-Aug-03,38.45
7-Aug-03,38.3
8-Aug-03,38.7
11-Aug-03,38.77
12-Aug-03,38.67
13-Aug-03,38.56
14-Aug-03,38.47
18-Aug-03,38.39
19-Aug-03,38.39
20-Aug-03,38.69
21-Aug-03,38.8
22-Aug-03,38.91
25-Aug-03,38.99
26-Aug-03,39.02
27-Aug-03,38.98
28-Aug-03,39
29-Aug-03,39.17
1-Sep-03,39.28
2-Sep-03,39.28
3-Sep-03,39.43
4-Sep-03,39.32
5-Sep-03,39.32
8-Sep-03,39.11
9-Sep-03,39.33
10-Sep-03,39.18
11-Sep-03,39.02
12-Sep-03,39.11
15-Sep-03,39
16-Sep-03,39.25
17-Sep-03,39.56
18-Sep-03,39.76
19-Sep-03,39.84
22-Sep-03,40.73
23-Sep-03,40.86
24-Sep-03,40.83
25-Sep-03,40.91
26-Sep-03,40.89
29-Sep-03,41.2
1-Oct-03,41.08
3-Oct-03,41.05
6-Oct-03,41
7-Oct-03,40.88
8-Oct-03,41.32
9-Oct-03,41.55
10-Oct-03,41.63
13-Oct-03,41.8
14-Oct-03,41.52
15-Oct-03,41.96
16-Oct-03,41.27
17-Oct-03,41.25
20-Oct-03,41.35
21-Oct-03,41.25
22-Oct-03,41.42
23-Oct-03,41.38
24-Oct-03,41.27
27-Oct-03,41.76
28-Oct-03,41.93
29-Oct-03,41.96
30-Oct-03,41.92
31-Oct-03,41.59
3-Nov-03,41.16
4-Nov-03,41.15
5-Nov-03,41.36
6-Nov-03,41.19
7-Nov-03,41.12
10-Nov-03,41.35
11-Nov-03,41.52
12-Nov-03,41.68
13-Nov-03,41.86
14-Nov-03,41.97
17-Nov-03,41.45
18-Nov-03,41.84
19-Nov-03,42.14
20-Nov-03,41.95
21-Nov-03,42.06
24-Nov-03,42.13
25-Nov-03,41.99
27-Nov-03,42.07
28-Nov-03,42.02
1-Dec-03,41.85
2-Dec-03,41.75
3-Dec-03,42.02
4-Dec-03,42.12
5-Dec-03,42.1
8-Dec-03,42.34
9-Dec-03,42.48
10-Dec-03,42.44
11-Dec-03,42.1
12-Dec-03,42.16
15-Dec-03,42.18
16-Dec-03,42.27
17-Dec-03,42.35
18-Dec-03,42.31
19-Dec-03,42.28
22-Dec-03,42.3
23-Dec-03,42.45
24-Dec-03,42.46
26-Dec-03,42.58
29-Dec-03,42.67
30-Dec-03,42.64
31-Dec-03,42.68
1-Jan-04,42.47
2-Jan-04,42.64
5-Jan-04,42.67
6-Jan-04,42.99
7-Jan-04,42.95
8-Jan-04,42.9
9-Jan-04,42.52
12-Jan-04,42.67
13-Jan-04,42.64
14-Jan-04,42.76
15-Jan-04,42.77
16-Jan-04,42.83
19-Jan-04,42.62
20-Jan-04,42.25
21-Jan-04,42.34
22-Jan-04,42.49
23-Jan-04,42.71
27-Jan-04,42.74
28-Jan-04,42.88
29-Jan-04,42.78
30-Jan-04,42.75
3-Feb-04,42.92
4-Feb-04,42.99
5-Feb-04,42.92
6-Feb-04,42.67
9-Feb-04,42.83
10-Feb-04,42.89
11-Feb-04,42.91
12-Feb-04,42.95
13-Feb-04,42.94
16-Feb-04,42.9
17-Feb-04,42.8
19-Feb-04,42.37
20-Feb-04,42.11
23-Feb-04,41.68
24-Feb-04,41.67
25-Feb-04,41.86
26-Feb-04,41.58
27-Feb-04,41.36
1-Mar-04,41.42
3-Mar-04,41.09
4-Mar-04,41.11
5-Mar-04,40.73
8-Mar-04,40.36
9-Mar-04,40.63
10-Mar-04,40.61
11-Mar-04,40.88
12-Mar-04,40.72
15-Mar-04,40.75
16-Mar-04,41.08
17-Mar-04,41.8
18-Mar-04,42.2
19-Mar-04,42.17
22-Mar-04,42.07
23-Mar-04,42.09
24-Mar-04,41.94
25-Mar-04,42.28
26-Mar-04,42.18
29-Mar-04,41.8
31-Mar-04,41.65
2-Apr-04,41.98
5-Apr-04,41.64
6-Apr-04,41.11
7-Apr-04,41.17
8-Apr-04,41.29
12-Apr-04,41.08
13-Apr-04,41.53
15-Apr-04,40.4
16-Apr-04,40.47
19-Apr-04,40.63
20-Apr-04,40.65
21-Apr-04,40.41
22-Apr-04,40.27
23-Apr-04,40.33
27-Apr-04,40.69
28-Apr-04,40.44
29-Apr-04,40.21
30-Apr-04,40.26
3-May-04,40.81
5-May-04,40.89
6-May-04,40.95
7-May-04,40.47
10-May-04,39.84
11-May-04,40
12-May-04,40.24
13-May-04,39.56
14-May-04,39.71
17-May-04,40.4
18-May-04,39.92
19-May-04,40
20-May-04,39.83
21-May-04,40.45
24-May-04,40.25
25-May-04,40.17
26-May-04,40.59
27-May-04,40.8
28-May-04,41.03
31-May-04,41.59
1-Jun-04,41.55
2-Jun-04,41.09
3-Jun-04,40.9
4-Jun-04,40.72
7-Jun-04,40.95
8-Jun-04,41.1
9-Jun-04,41.28
10-Jun-04,41
11-Jun-04,40.94
14-Jun-04,40.8
15-Jun-04,40.85
16-Jun-04,41.47
17-Jun-04,41.58
18-Jun-04,41.64
21-Jun-04,42.21
22-Jun-04,42.54
23-Jun-04,42.42
24-Jun-04,42.35
25-Jun-04,42.75
28-Jun-04,42.53
29-Jun-04,42.4
30-Jun-04,42.31
1-Jul-04,42.45
2-Jul-04,42.15
5-Jul-04,42.09
6-Jul-04,42.05
7-Jul-04,42.27
8-Jul-04,41.99
9-Jul-04,42.29
12-Jul-04,42.3
13-Jul-04,42.18
14-Jul-04,42.07
15-Jul-04,42.19
16-Jul-04,42.11
19-Jul-04,42.42
20-Jul-04,42.41
21-Jul-04,42.39
22-Jul-04,42.04
23-Jul-04,42.07
26-Jul-04,42.16
27-Jul-04,42.08
28-Jul-04,41.73
29-Jul-04,41.59
30-Jul-04,41.54
2-Aug-04,41.69
3-Aug-04,41.69
4-Aug-04,41.66
5-Aug-04,41.75
6-Aug-04,41.59
9-Aug-04,42.07
10-Aug-04,42.02
11-Aug-04,41.64
12-Aug-04,41.82
13-Aug-04,41.32
16-Aug-04,41.87
17-Aug-04,42.02
18-Aug-04,42.24
19-Aug-04,42.33
23-Aug-04,42.32
24-Aug-04,42.11
25-Aug-04,42.3
26-Aug-04,42.1
27-Aug-04,42.37
30-Aug-04,41.99
31-Aug-04,42.24
1-Sep-04,42.42
2-Sep-04,42.33
3-Sep-04,42.2
6-Sep-04,41.97
7-Sep-04,42.26
8-Sep-04,42.3
9-Sep-04,42.33
10-Sep-04,42.06
13-Sep-04,42.22
14-Sep-04,41.93
15-Sep-04,41.78
16-Sep-04,41.77
17-Sep-04,41.8
20-Sep-04,41.77
21-Sep-04,41.65
22-Sep-04,41.71
23-Sep-04,41.48
24-Sep-04,41.51
27-Sep-04,41.52
28-Sep-04,41.39
29-Sep-04,41.94
1-Oct-04,41.71
4-Oct-04,41.47
5-Oct-04,41.36
6-Oct-04,41.28
7-Oct-04,41.28
8-Oct-04,41.28
11-Oct-04,41.83
12-Oct-04,41.8
14-Oct-04,41.83
15-Oct-04,41.87
18-Oct-04,41.97
19-Oct-04,41.87
20-Oct-04,42.19
21-Oct-04,42.45
25-Oct-04,42.75
26-Oct-04,42.74
27-Oct-04,42.82
28-Oct-04,42.93
29-Oct-04,42.84
1-Nov-04,42.69
2-Nov-04,42.65
3-Nov-04,42.69
4-Nov-04,42.61
5-Nov-04,42.52
8-Nov-04,42.76
9-Nov-04,42.66
10-Nov-04,42.67
11-Nov-04,42.25
16-Nov-04,42.65
17-Nov-04,42.74
18-Nov-04,43.44
19-Nov-04,43.36
22-Nov-04,43.64
23-Nov-04,43.59
24-Nov-04,43.5
25-Nov-04,43.79
29-Nov-04,43.75
30-Nov-04,43.43
1-Dec-04,43.27
2-Dec-04,43.27
3-Dec-04,42.77
6-Dec-04,42.86
7-Dec-04,42.66
8-Dec-04,42.4
9-Dec-04,42.4
10-Dec-04,42.38
13-Dec-04,42.25
14-Dec-04,42.06
15-Dec-04,41.94
16-Dec-04,42.08
17-Dec-04,42.15
20-Dec-04,42.07
21-Dec-04,42.14
22-Dec-04,42.06
23-Dec-04,42.13
24-Dec-04,42.24
27-Dec-04,42.24
28-Dec-04,42.45
29-Dec-04,42.35
30-Dec-04,42.13
31-Dec-04,42.49
3-Jan-05,42.32
4-Jan-05,42.28
5-Jan-05,41.95
6-Jan-05,42.07
7-Jan-05,41.89
10-Jan-05,42.01
11-Jan-05,42.16
12-Jan-05,42.28
13-Jan-05,42.7
14-Jan-05,42.6
17-Jan-05,42.79
18-Jan-05,42.65
19-Jan-05,42.69
20-Jan-05,42.65
24-Jan-05,42.52
25-Jan-05,42.55
27-Jan-05,42.35
28-Jan-05,42.42
31-Jan-05,42.21
1-Feb-05,42.12
2-Feb-05,41.99
3-Feb-05,41.64
4-Feb-05,41.63
7-Feb-05,41.66
8-Feb-05,41.46
9-Feb-05,41.38
10-Feb-05,41.42
11-Feb-05,41.4
14-Feb-05,41.68
15-Feb-05,41.65
16-Feb-05,41.71
17-Feb-05,41.58
18-Feb-05,41.56
21-Feb-05,41.45
22-Feb-05,41.75
23-Feb-05,41.75
24-Feb-05,41.72
25-Feb-05,41.46
28-Feb-05,41.71
1-Mar-05,41.84
2-Mar-05,41.76
3-Mar-05,41.62
4-Mar-05,41.45
7-Mar-05,41.65
9-Mar-05,41.72
10-Mar-05,41.9
11-Mar-05,41.85
14-Mar-05,41.61
15-Mar-05,41.54
16-Mar-05,41.81
17-Mar-05,41.88
18-Mar-05,41.68
21-Mar-05,41.62
22-Mar-05,41.64
23-Mar-05,41.53
24-Mar-05,41.26
28-Mar-05,40.94
29-Mar-05,40.84
30-Mar-05,40.85
31-Mar-05,40.84
4-Apr-05,40.56
5-Apr-05,40.31
6-Apr-05,40.54
7-Apr-05,40.35
8-Apr-05,40.26
11-Apr-05,40.37
12-Apr-05,40.64
13-Apr-05,40.76
15-Apr-05,40.45
19-Apr-05,40.81
20-Apr-05,40.92
21-Apr-05,40.96
25-Apr-05,41.29
26-Apr-05,41.28
27-Apr-05,41.13
28-Apr-05,41.28
29-Apr-05,41.47
2-May-05,41.39
3-May-05,41.43
4-May-05,41.6
5-May-05,41.58
6-May-05,41.46
9-May-05,41.3
10-May-05,41.04
11-May-05,41.01
12-May-05,40.79
13-May-05,40.64
16-May-05,40.37
17-May-05,40.53
18-May-05,40.5
19-May-05,40.58
20-May-05,40.43
24-May-05,40.46
25-May-05,40.49
26-May-05,40.33
27-May-05,40.37
30-May-05,40.34
31-May-05,40.34
1-Jun-05,40.37
2-Jun-05,40.37
3-Jun-05,40.41
6-Jun-05,40.57
7-Jun-05,40.75
8-Jun-05,40.73
9-Jun-05,40.59
10-Jun-05,40.53
13-Jun-05,40.17
14-Jun-05,39.91
15-Jun-05,39.96
16-Jun-05,39.9
17-Jun-05,39.99
20-Jun-05,40.05
21-Jun-05,39.88
22-Jun-05,40.11
23-Jun-05,40.04
24-Jun-05,39.96
27-Jun-05,39.8
28-Jun-05,39.69
29-Jun-05,39.54
30-Jun-05,39.51
1-Jul-05,39.19
4-Jul-05,39.03
5-Jul-05,38.95
6-Jul-05,39.08
7-Jul-05,38.88
8-Jul-05,38.85
11-Jul-05,36.91
12-Jul-05,39.1
13-Jul-05,39.15
14-Jul-05,38.93
15-Jul-05,38.83
18-Jul-05,38.86
19-Jul-05,38.81
20-Jul-05,38.48
21-Jul-05,38.61
22-Jul-05,39.11
25-Jul-05,38.95
26-Jul-05,38.94
29-Jul-05,38.82
1-Aug-05,38.7
2-Aug-05,38.94
3-Aug-05,38.98
4-Aug-05,39.23
5-Aug-05,38.98
8-Aug-05,38.75
9-Aug-05,38.97
10-Aug-05,39.16
11-Aug-05,39.49
12-Aug-05,39.71
16-Aug-05,39.83
17-Aug-05,39.64
18-Aug-05,39.56
19-Aug-05,39.45
22-Aug-05,39.56
23-Aug-05,39.72
24-Aug-05,39.54
25-Aug-05,39.85
26-Aug-05,39.72
29-Aug-05,39.69
30-Aug-05,39.68
31-Aug-05,39.54
1-Sep-05,39.81
2-Sep-05,40.01
5-Sep-05,40.04
6-Sep-05,40.09
8-Sep-05,39.77
9-Sep-05,39.64
12-Sep-05,39.96
13-Sep-05,39.69
14-Sep-05,39.72
15-Sep-05,39.74
16-Sep-05,39.67
19-Sep-05,39.32
20-Sep-05,39.48
21-Sep-05,39.36
22-Sep-05,39.38
23-Sep-05,39.33
26-Sep-05,39.11
27-Sep-05,38.96
28-Sep-05,39.03
29-Sep-05,38.95
3-Oct-05,38.71
4-Oct-05,38.62
5-Oct-05,38.89
6-Oct-05,38.89
7-Oct-05,39.06
10-Oct-05,39.25
11-Oct-05,39.33
13-Oct-05,39.15
14-Oct-05,39.17
17-Oct-05,39.22
18-Oct-05,39.1
19-Oct-05,39.08
20-Oct-05,39.08
21-Oct-05,39.09
24-Oct-05,39.05
25-Oct-05,39.01
26-Oct-05,39.08
27-Oct-05,39.01
28-Oct-05,39.11
31-Oct-05,39.01
2-Nov-05,38.69
3-Nov-05,38.74
4-Nov-05,38.56
7-Nov-05,38.74
8-Nov-05,39
9-Nov-05,39.02
10-Nov-05,38.9
11-Nov-05,38.9
14-Nov-05,38.72
16-Nov-05,38.41
17-Nov-05,38.49
18-Nov-05,38.4
21-Nov-05,38.36
22-Nov-05,38.49
23-Nov-05,38.57
24-Nov-05,38.46
25-Nov-05,38.4
28-Nov-05,38.35
29-Nov-05,38.53
30-Nov-05,38.5
1-Dec-05,38.38
2-Dec-05,38.25
5-Dec-05,38.18
6-Dec-05,38.19
7-Dec-05,38.13
8-Dec-05,38.39
9-Dec-05,38.33
12-Dec-05,38.23
13-Dec-05,38.41
14-Dec-05,38.56
15-Dec-05,38.82
16-Dec-05,39.2
19-Dec-05,38.86
20-Dec-05,38.64
21-Dec-05,38.73
22-Dec-05,38.57
23-Dec-05,38.73
26-Dec-05,38.73
27-Dec-05,38.55
28-Dec-05,38.6
29-Dec-05,38.35
30-Dec-05,38.44
2-Jan-06,38.32
3-Jan-06,38.34
4-Jan-06,38.76
5-Jan-06,38.43
6-Jan-06,38.47
9-Jan-06,38.87
10-Jan-06,38.74
12-Jan-06,38.75
13-Jan-06,38.63
16-Jan-06,38.62
17-Jan-06,38.53
18-Jan-06,38.48
19-Jan-06,38.52
20-Jan-06,38.38
23-Jan-06,38.48
24-Jan-06,38.57
25-Jan-06,38.53
27-Jan-06,37.92
30-Jan-06,37.61
31-Jan-06,37.5
1-Feb-06,37.68
2-Feb-06,37.39
3-Feb-06,37.34
6-Feb-06,37.23
7-Feb-06,37.23
8-Feb-06,37.51
10-Feb-06,37.52
13-Feb-06,37.54
14-Feb-06,37.73
15-Feb-06,37.63
16-Feb-06,37.62
17-Feb-06,37.64
20-Feb-06,37.58
21-Feb-06,37.46
22-Feb-06,37.53
23-Feb-06,37.92
24-Feb-06,38.1
27-Feb-06,38.24
28-Feb-06,38.24
1-Mar-06,38.31
2-Mar-06,38.15
3-Mar-06,38.1
6-Mar-06,37.88
7-Mar-06,37.72
8-Mar-06,37.74
9-Mar-06,37.83
10-Mar-06,37.57
13-Mar-06,37.46
14-Mar-06,37.53
16-Mar-06,37.69
17-Mar-06,38.06
20-Mar-06,38.22
21-Mar-06,38.06
22-Mar-06,37.95
23-Mar-06,38
24-Mar-06,37.86
27-Mar-06,38.27
28-Mar-06,38.19
29-Mar-06,37.91
31-Mar-06,38.01
3-Apr-06,37.62
4-Apr-06,37.92
5-Apr-06,38.24
7-Apr-06,37.91
10-Apr-06,37.84
12-Apr-06,38.03
13-Apr-06,38.27
17-Apr-06,38.18
18-Apr-06,38.34
19-Apr-06,38.6
20-Apr-06,38.37
21-Apr-06,38.33
24-Apr-06,38.99
25-Apr-06,39.1
26-Apr-06,39.13
27-Apr-06,39.29
28-Apr-06,39.39
2-May-06,39.46
3-May-06,39.71
4-May-06,39.42
5-May-06,39.47
8-May-06,40.17
9-May-06,40.22
10-May-06,40.49
11-May-06,40.54
12-May-06,40.92
15-May-06,41.34
16-May-06,41.39
17-May-06,41.36
18-May-06,41.06
19-May-06,40.99
22-May-06,40.56
23-May-06,40.95
24-May-06,40.69
25-May-06,40.69
26-May-06,40.93
29-May-06,40.93
30-May-06,41.31
31-May-06,41.54
1-Jun-06,40.99
2-Jun-06,40.95
5-Jun-06,41.04
6-Jun-06,40.91
7-Jun-06,40.52
8-Jun-06,40.46
9-Jun-06,40.32
12-Jun-06,40.21
13-Jun-06,40.15
14-Jun-06,39.98
15-Jun-06,39.93
16-Jun-06,40.06
19-Jun-06,39.7
20-Jun-06,39.93
21-Jun-06,40.02
22-Jun-06,40.07
23-Jun-06,39.86
26-Jun-06,39.81
27-Jun-06,39.89
28-Jun-06,39.91
29-Jun-06,39.76
30-Jun-06,40.16
3-Jul-06,40.16
4-Jul-06,40.2
5-Jul-06,40.22
6-Jul-06,39.99
7-Jul-06,40.05
10-Jul-06,40.53
11-Jul-06,40.47
12-Jul-06,40.4
13-Jul-06,40.11
14-Jul-06,40.01
17-Jul-06,39.91
18-Jul-06,39.96
19-Jul-06,39.99
20-Jul-06,40.14
21-Jul-06,40.07
24-Jul-06,40.24
25-Jul-06,40.13
26-Jul-06,40.04
27-Jul-06,40.15
28-Jul-06,40.35
31-Jul-06,40.66
1-Aug-06,40.69
2-Aug-06,40.69
3-Aug-06,40.72
4-Aug-06,40.43
7-Aug-06,40.57
8-Aug-06,40.42
9-Aug-06,40.34
10-Aug-06,40.34
11-Aug-06,40.19
14-Aug-06,40
16-Aug-06,40.1
17-Aug-06,40.2
18-Aug-06,40.09
21-Aug-06,40.06
22-Aug-06,40.08
23-Aug-06,40.01
24-Aug-06,39.93
25-Aug-06,39.77
28-Aug-06,39.73
29-Aug-06,39.81
30-Aug-06,39.79
31-Aug-06,39.66
1-Sep-06,39.67
4-Sep-06,39.87
5-Sep-06,39.88
6-Sep-06,39.76
7-Sep-06,39.51
8-Sep-06,39.77
11-Sep-06,39.54
12-Sep-06,39.39
13-Sep-06,39.25
14-Sep-06,39.24
15-Sep-06,39.25
18-Sep-06,39.09
19-Sep-06,39.06
20-Sep-06,39.29
21-Sep-06,39.17
22-Sep-06,39.45
25-Sep-06,39.46
26-Sep-06,39.51
27-Sep-06,39.23
28-Sep-06,39.04
29-Sep-06,38.97
3-Oct-06,38.97
4-Oct-06,38.7
5-Oct-06,38.84
6-Oct-06,38.63
9-Oct-06,38.36
10-Oct-06,38.45
11-Oct-06,38.24
12-Oct-06,38.17
13-Oct-06,38.11
16-Oct-06,38.08
17-Oct-06,38.08
18-Oct-06,38.22
19-Oct-06,38.14
20-Oct-06,38.29
23-Oct-06,38.19
26-Oct-06,38.12
27-Oct-06,38.18
30-Oct-06,38.38
31-Oct-06,38.32
1-Nov-06,38.41
2-Nov-06,38.34
3-Nov-06,38.29
6-Nov-06,37.98
7-Nov-06,38.07
8-Nov-06,37.98
9-Nov-06,37.88
10-Nov-06,37.82
13-Nov-06,38.25
14-Nov-06,38.4
15-Nov-06,38.45
16-Nov-06,38.26
17-Nov-06,38.02
20-Nov-06,38.04
21-Nov-06,38.08
22-Nov-06,38.07
23-Nov-06,38.35
24-Nov-06,38.57
27-Nov-06,38.5
28-Nov-06,38.52
29-Nov-06,38.59
30-Nov-06,38.53
1-Dec-06,38.55
4-Dec-06,38.58
5-Dec-06,38.64
6-Dec-06,38.86
7-Dec-06,38.86
8-Dec-06,38.77
11-Dec-06,38.36
12-Dec-06,38.33
13-Dec-06,38.31
14-Dec-06,38.08
15-Dec-06,37.88
18-Dec-06,37.98
19-Dec-06,38
20-Dec-06,37.88
21-Dec-06,37.79
22-Dec-06,37.69
26-Dec-06,37.45
27-Dec-06,37.41
28-Dec-06,37.37
29-Dec-06,37.21
2-Jan-07,37.25
3-Jan-07,37.32
4-Jan-07,37.2
5-Jan-07,37.42
8-Jan-07,37.57
9-Jan-07,37.39
10-Jan-07,37.35
11-Jan-07,37.17
12-Jan-07,36.97
15-Jan-07,36.83
16-Jan-07,36.83
17-Jan-07,36.69
18-Jan-07,36.58
19-Jan-07,36.56
22-Jan-07,36.43
23-Jan-07,36.33
24-Jan-07,36.41
25-Jan-07,36.77
29-Jan-07,36.34
31-Jan-07,36.41
2-Feb-07,36.55
5-Feb-07,36.52
6-Feb-07,36.65
7-Feb-07,36.61
8-Feb-07,36.52
9-Feb-07,36.3
12-Feb-07,36.27
13-Feb-07,36.36
14-Feb-07,36.41
15-Feb-07,36.71
19-Feb-07,36.92
20-Feb-07,36.89
21-Feb-07,36.71
22-Feb-07,36.56
23-Feb-07,36.46
26-Feb-07,36.51
27-Feb-07,36.78
28-Feb-07,37.45
1-Mar-07,37.43
2-Mar-07,37.64
5-Mar-07,38.46
6-Mar-07,38.3
7-Mar-07,38.23
8-Mar-07,38.06
9-Mar-07,37.74
12-Mar-07,37.4
13-Mar-07,37.68
14-Mar-07,38.17
15-Mar-07,37.72
16-Mar-07,37.71
20-Mar-07,37.37
21-Mar-07,37.2
22-Mar-07,37.17
23-Mar-07,37
26-Mar-07,36.77
28-Mar-07,36.75
29-Mar-07,37.06
30-Mar-07,37
3-Apr-07,36.48
4-Apr-07,36.09
5-Apr-07,36.36
9-Apr-07,35.95
10-Apr-07,36
11-Apr-07,35.98
12-Apr-07,35.9
13-Apr-07,36.01
16-Apr-07,35.42
17-Apr-07,34.97
18-Apr-07,35.24
19-Apr-07,35.77
20-Apr-07,35.36
23-Apr-07,35.21
24-Apr-07,35.15
25-Apr-07,34.62
26-Apr-07,34.32
27-Apr-07,34.34
30-Apr-07,34.58
3-May-07,34.3
4-May-07,34.01
7-May-07,33.82
8-May-07,34.01
9-May-07,34.13
10-May-07,34.16
11-May-07,34.49
14-May-07,34.03
15-May-07,33.98
16-May-07,33.97
17-May-07,33.78
18-May-07,33.73
21-May-07,33.48
22-May-07,33.5
23-May-07,33.33
24-May-07,33.38
25-May-07,33.46
28-May-07,33.32
29-May-07,33.33
30-May-07,33.43
31-May-07,33.49
1-Jun-07,33.24
4-Jun-07,33.17
5-Jun-07,33.27
6-Jun-07,33.39
7-Jun-07,33.49
8-Jun-07,33.85
11-Jun-07,33.64
12-Jun-07,33.47
13-Jun-07,33.49
14-Jun-07,33.25
15-Jun-07,33.3
18-Jun-07,32.99
19-Jun-07,32.94
20-Jun-07,33.12
21-Jun-07,32.97
22-Jun-07,32.84
25-Jun-07,32.96
26-Jun-07,33.23
27-Jun-07,33.46
28-Jun-07,33.19
29-Jun-07,33.04
2-Jul-07,33.07
3-Jul-07,33.08
4-Jul-07,33.1
5-Jul-07,32.95
6-Jul-07,32.83
9-Jul-07,32.69
10-Jul-07,32.74
11-Jul-07,33.3
12-Jul-07,33.03
13-Jul-07,33.05
16-Jul-07,33.13
17-Jul-07,33.13
18-Jul-07,33.2
19-Jul-07,33.13
20-Jul-07,33.01
23-Jul-07,33.34
24-Jul-07,33.38
25-Jul-07,33.57
26-Jul-07,33.43
27-Jul-07,33.14
30-Jul-07,34.17
31-Jul-07,34
1-Aug-07,34.4
2-Aug-07,34.01
3-Aug-07,33.87
6-Aug-07,34.39
7-Aug-07,33.99
8-Aug-07,34.09
9-Aug-07,33.78
10-Aug-07,34.44
13-Aug-07,34.28
14-Aug-07,34.51
16-Aug-07,35.46
17-Aug-07,36.92
21-Aug-07,35.8
22-Aug-07,35.77
23-Aug-07,35.25
24-Aug-07,35.53
27-Aug-07,35.27
28-Aug-07,35.59
29-Aug-07,36.04
30-Aug-07,35.55
31-Aug-07,35.23
3-Sep-07,35.22
4-Sep-07,35.32
5-Sep-07,35.38
6-Sep-07,35.39
7-Sep-07,35.36
10-Sep-07,35.9
11-Sep-07,35.7
12-Sep-07,35.54
13-Sep-07,35.38
14-Sep-07,35.15
17-Sep-07,35.09
18-Sep-07,35.35
19-Sep-07,34.76
20-Sep-07,34.46
21-Sep-07,34.74
24-Sep-07,34.64
25-Sep-07,34.72
26-Sep-07,34.56
27-Sep-07,34.38
28-Sep-07,34.48
1-Oct-07,34.51
3-Oct-07,34.35
4-Oct-07,33.94
5-Oct-07,33.88
8-Oct-07,33.66
9-Oct-07,33.72
10-Oct-07,33.53
11-Oct-07,33.51
12-Oct-07,33.54
15-Oct-07,33.41
16-Oct-07,33.48
17-Oct-07,34.1
18-Oct-07,33.86
19-Oct-07,34.6
22-Oct-07,34.84
23-Oct-07,34.61
24-Oct-07,34.56
25-Oct-07,34.67
26-Oct-07,34.54
29-Oct-07,34.49
30-Oct-07,34.42
31-Oct-07,34.28
1-Nov-07,34.08
2-Nov-07,34.37
5-Nov-07,34.28
6-Nov-07,34.27
7-Nov-07,34.43
8-Nov-07,34.88
12-Nov-07,35.68
13-Nov-07,35.77
14-Nov-07,35.35
15-Nov-07,35.3
16-Nov-07,35.71
19-Nov-07,35.56
20-Nov-07,35.63
21-Nov-07,36.18
22-Nov-07,36.22
23-Nov-07,36.74
26-Nov-07,36.58
27-Nov-07,36.75
28-Nov-07,36.55
29-Nov-07,36.16
30-Nov-07,35.94
3-Dec-07,35.78
4-Dec-07,35.78
5-Dec-07,35.75
6-Dec-07,35.57
7-Dec-07,35.42
10-Dec-07,35.29
11-Dec-07,35.2
12-Dec-07,35.44
13-Dec-07,35.22
14-Dec-07,35
17-Dec-07,34.82
18-Dec-07,34.97
19-Dec-07,34.92
20-Dec-07,34.96
24-Dec-07,34.61
26-Dec-07,34.5
27-Dec-07,34.52
28-Dec-07,34.93
31-Dec-07,35.21
1-Jan-08,35.29
2-Jan-08,35.38
3-Jan-08,36
4-Jan-08,35.93
7-Jan-08,36.05
8-Jan-08,35.87
9-Jan-08,35.84
10-Jan-08,35.84
11-Jan-08,36.02
14-Jan-08,36.22
15-Jan-08,36.43
16-Jan-08,37.01
17-Jan-08,36.6
18-Jan-08,36.64
21-Jan-08,36.92
22-Jan-08,37.48
23-Jan-08,37.18
24-Jan-08,37
25-Jan-08,36.65
28-Jan-08,37.22
29-Jan-08,36.91
30-Jan-08,36.94
31-Jan-08,37.01
1-Feb-08,37.02
4-Feb-08,36.88
5-Feb-08,36.9
6-Feb-08,37.22
7-Feb-08,37.05
8-Feb-08,36.83
11-Feb-08,37.07
12-Feb-08,37.07
13-Feb-08,37.05
14-Feb-08,36.66
15-Feb-08,36.69
18-Feb-08,36.78
19-Feb-08,36.98
20-Feb-08,37.23
21-Feb-08,37.05
22-Feb-08,37.19
25-Feb-08,37.32
26-Feb-08,36.99
27-Feb-08,37.1
28-Feb-08,37.47
29-Feb-08,38.1
3-Mar-08,39.13
4-Mar-08,38.94
5-Mar-08,38.94
7-Mar-08,39.48
10-Mar-08,39.86
11-Mar-08,39.64
12-Mar-08,39.2
13-Mar-08,40.42
14-Mar-08,40.32
17-Mar-08,41.9
18-Mar-08,41.78
19-Mar-08,40.72
24-Mar-08,40.36
25-Mar-08,40.05
26-Mar-08,40.06
27-Mar-08,40.54
28-Mar-08,40.21
31-Mar-08,40.08
2-Apr-08,39.17
3-Apr-08,38.84
4-Apr-08,39
7-Apr-08,38.95
8-Apr-08,39.1
9-Apr-08,39.12
10-Apr-08,39.58
11-Apr-08,39.18
15-Apr-08,39.51
16-Apr-08,39.32
21-Apr-08,38.36
22-Apr-08,38.78
23-Apr-08,38.8
24-Apr-08,38.61
25-Apr-08,38.47
28-Apr-08,38.4
29-Apr-08,38.59
30-Apr-08,38.99
2-May-08,38.8
5-May-08,38.54
6-May-08,38.77
7-May-08,39.21
8-May-08,40
9-May-08,40.07
12-May-08,40.3
13-May-08,40.65
14-May-08,40.36
15-May-08,40.51
16-May-08,40.74
20-May-08,41.05
21-May-08,41.36
22-May-08,41.82
23-May-08,41.13
26-May-08,41.22
27-May-08,41.3
28-May-08,41.22
29-May-08,40.71
30-May-08,40.42
2-Jun-08,40.09
3-Jun-08,40.86
4-Jun-08,40.53
5-Jun-08,40.62
6-Jun-08,40.33
9-Jun-08,40.75
10-Jun-08,40.18
11-Jun-08,39.83
12-Jun-08,39.82
13-Jun-08,39.71
16-Jun-08,39.59
17-Jun-08,39.79
18-Jun-08,39.7
19-Jun-08,39.88
20-Jun-08,39.82
23-Jun-08,40
24-Jun-08,39.73
25-Jun-08,39.67
26-Jun-08,39.53
27-Jun-08,40.05
30-Jun-08,40.65
1-Jul-08,40.98
2-Jul-08,40.86
3-Jul-08,40.83
4-Jul-08,40.44
7-Jul-08,40.18
8-Jul-08,40.62
9-Jul-08,40.21
10-Jul-08,40.4
11-Jul-08,39.83
14-Jul-08,40.22
15-Jul-08,40.76
16-Jul-08,41.34
17-Jul-08,40.79
18-Jul-08,40.33
21-Jul-08,40.01
22-Jul-08,40.09
23-Jul-08,39.36
24-Jul-08,38.9
25-Jul-08,39.58
28-Jul-08,39.26
29-Jul-08,39.58
30-Jul-08,39.28
31-Jul-08,39.42
1-Aug-08,39.4
4-Aug-08,39.36
5-Aug-08,39.13
6-Aug-08,38.74
7-Aug-08,38.27
8-Aug-08,38.47
11-Aug-08,38.15
12-Aug-08,38.49
13-Aug-08,39.24
14-Aug-08,39.14
18-Aug-08,39.26
20-Aug-08,39.75
21-Aug-08,40.05
22-Aug-08,39.84
25-Aug-08,39.6
26-Aug-08,40.2
27-Aug-08,40.05
28-Aug-08,40.12
29-Aug-08,40.14
1-Sep-08,40.76
2-Sep-08,40.96
4-Sep-08,41.16
5-Sep-08,41.56
8-Sep-08,40.77
9-Sep-08,41.73
10-Sep-08,42.02
11-Sep-08,42.3
12-Sep-08,42.62
15-Sep-08,43.42
16-Sep-08,44.75
17-Sep-08,43.69
18-Sep-08,44.66
19-Sep-08,43.34
22-Sep-08,42.62
23-Sep-08,43.39
24-Sep-08,43.28
25-Sep-08,43.75
26-Sep-08,43.85
29-Sep-08,44.19
1-Oct-08,44.36
3-Oct-08,44.49
6-Oct-08,45.97
7-Oct-08,46.71
8-Oct-08,48.61
10-Oct-08,49.26
13-Oct-08,47.96
14-Oct-08,46.58
15-Oct-08,47.64
16-Oct-08,48.86
17-Oct-08,48.01
20-Oct-08,47.81
22-Oct-08,49.53
23-Oct-08,50.81
24-Oct-08,52.56
27-Oct-08,53.72
29-Oct-08,51.33
31-Oct-08,50.42
3-Nov-08,49.16
4-Nov-08,49.17
5-Nov-08,47.31
6-Nov-08,48.71
7-Nov-08,49
10-Nov-08,47.82
11-Nov-08,48.57
12-Nov-08,49.92
14-Nov-08,50.87
17-Nov-08,50.53
18-Nov-08,51.39
19-Nov-08,51.47
20-Nov-08,53.12
21-Nov-08,52.66
24-Nov-08,52.53
25-Nov-08,51.87
26-Nov-08,52.49
28-Nov-08,52.27
1-Dec-08,52.58
2-Dec-08,54.3
3-Dec-08,53.49
4-Dec-08,53.53
5-Dec-08,53.81
8-Dec-08,52.99
10-Dec-08,53.02
11-Dec-08,52.55
12-Dec-08,54.41
15-Dec-08,52.69
16-Dec-08,52.92
17-Dec-08,52.64
18-Dec-08,53.68
19-Dec-08,52.78
22-Dec-08,52.7
23-Dec-08,53.69
24-Dec-08,54.21
26-Dec-08,52.98
29-Dec-08,53.88
30-Dec-08,53.67
31-Dec-08,53.68
1-Jan-09,53.74
2-Jan-09,53.67
5-Jan-09,52.61
6-Jan-09,52.3
7-Jan-09,51.9
9-Jan-09,53.66
12-Jan-09,53.89
13-Jan-09,54.73
14-Jan-09,54.3
15-Jan-09,54.2
16-Jan-09,53.97
19-Jan-09,53.48
20-Jan-09,54.2
21-Jan-09,54.65
22-Jan-09,54.76
23-Jan-09,55.58
27-Jan-09,54.6
28-Jan-09,54.82
29-Jan-09,54.37
30-Jan-09,54.83
2-Feb-09,54.69
3-Feb-09,54.54
4-Feb-09,54.32
5-Feb-09,54.57
6-Feb-09,53.58
9-Feb-09,53.36
10-Feb-09,53.3
11-Feb-09,54.28
12-Feb-09,54.1
13-Feb-09,53.51
16-Feb-09,53.09
17-Feb-09,53.19
18-Feb-09,53.96
19-Feb-09,53.34
24-Feb-09,52.38
25-Feb-09,51.31
26-Feb-09,51.51
27-Feb-09,51.84
2-Mar-09,53.1
3-Mar-09,52.95
4-Mar-09,52.69
5-Mar-09,52.33
6-Mar-09,52.6
9-Mar-09,52.71
12-Mar-09,53.66
13-Mar-09,52.78
16-Mar-09,52.52
17-Mar-09,51.93
18-Mar-09,52.12
19-Mar-09,53.15
20-Mar-09,52.95
23-Mar-09,52.5
24-Mar-09,51.23
25-Mar-09,52.1
26-Mar-09,51.68
30-Mar-09,52.78
31-Mar-09,51.87
2-Apr-09,50.95
6-Apr-09,49.58
8-Apr-09,50.66
9-Apr-09,49.84
13-Apr-09,49.65
15-Apr-09,50.73
16-Apr-09,50.02
17-Apr-09,49.94
20-Apr-09,50.48
21-Apr-09,51.3
22-Apr-09,51.02
23-Apr-09,51.21
24-Apr-09,51.59
27-Apr-09,51.69
28-Apr-09,52.63
29-Apr-09,51.85
4-May-09,49.95
5-May-09,50.18
6-May-09,50.45
7-May-09,50.1
8-May-09,49.61
11-May-09,49.99
12-May-09,50.99
13-May-09,51.08
14-May-09,52.09
15-May-09,51.87
18-May-09,50.73
19-May-09,49.25
20-May-09,49.88
21-May-09,50.05
22-May-09,50.05
25-May-09,49.66
26-May-09,50.29
27-May-09,50.03
28-May-09,49.49
29-May-09,48.89
1-Jun-09,49.34
2-Jun-09,48.92
3-Jun-09,48.81
4-Jun-09,49.04
5-Jun-09,48.68
8-Jun-09,48.12
9-Jun-09,48.54
10-Jun-09,48.46
11-Jun-09,48.42
12-Jun-09,48.36
15-Jun-09,48.66
16-Jun-09,49.65
17-Jun-09,49.53
18-Jun-09,50.15
19-Jun-09,49.69
22-Jun-09,50.34
23-Jun-09,51.46
24-Jun-09,50.83
25-Jun-09,50.4
26-Jun-09,50.6
29-Jun-09,50.54
30-Jun-09,50.01
1-Jul-09,49.73
2-Jul-09,49.47
3-Jul-09,49.96
6-Jul-09,50.54
7-Jul-09,51
8-Jul-09,51.94
9-Jul-09,52.49
10-Jul-09,52.44
13-Jul-09,53.56
14-Jul-09,52.41
15-Jul-09,52.15
16-Jul-09,51.86
17-Jul-09,51.94
20-Jul-09,51.1
21-Jul-09,51.33
22-Jul-09,51.69
23-Jul-09,51.38
24-Jul-09,51.08
27-Jul-09,50.84
28-Jul-09,50.67
29-Jul-09,51.47
30-Jul-09,51
31-Jul-09,50.57
3-Aug-09,50.6
4-Aug-09,50
5-Aug-09,50.18
6-Aug-09,49.99
7-Aug-09,50.17
10-Aug-09,49.16
11-Aug-09,49.49
12-Aug-09,50.6
13-Aug-09,50.03
14-Aug-09,50.63
17-Aug-09,51.5
18-Aug-09,51.3
20-Aug-09,51.58
21-Aug-09,52.03
24-Aug-09,51.12
25-Aug-09,51.91
26-Aug-09,51.86
27-Aug-09,52.25
28-Aug-09,52.13
31-Aug-09,52.7
1-Sep-09,52.36
2-Sep-09,52.81
3-Sep-09,52.92
4-Sep-09,52.78
7-Sep-09,52.3
8-Sep-09,52.54
9-Sep-09,52.42
10-Sep-09,52.51
11-Sep-09,53.2
14-Sep-09,53.75
15-Sep-09,53.36
16-Sep-09,53.4
17-Sep-09,52.73
18-Sep-09,52.89
22-Sep-09,52.63
23-Sep-09,52.81
24-Sep-09,52.96
25-Sep-09,52.96
29-Sep-09,53.35
1-Oct-09,53.16
5-Oct-09,52.94
6-Oct-09,52.97
7-Oct-09,52.89
8-Oct-09,52.37
9-Oct-09,52.17
12-Oct-09,51.62
14-Oct-09,51.83
15-Oct-09,51.31
16-Oct-09,50.89
20-Oct-09,51.06
21-Oct-09,51.2
22-Oct-09,51.06
23-Oct-09,50.57
26-Oct-09,50.7
27-Oct-09,50.9
28-Oct-09,51.64
29-Oct-09,52.57
30-Oct-09,51.63
3-Nov-09,52.13
4-Nov-09,52.14
5-Nov-09,52.09
6-Nov-09,51.7
9-Nov-09,51.73
10-Nov-09,51.8
11-Nov-09,51.89
12-Nov-09,51.77
13-Nov-09,51.53
16-Nov-09,51.46
17-Nov-09,51.91
18-Nov-09,51.87
19-Nov-09,52.11
20-Nov-09,52.49
23-Nov-09,52.35
24-Nov-09,52.5
25-Nov-09,52.45
26-Nov-09,53.33
27-Nov-09,54.38
30-Nov-09,53.89
1-Dec-09,53.13
2-Dec-09,53.18
3-Dec-09,52.6
4-Dec-09,52.44
7-Dec-09,51.63
8-Dec-09,52.42
9-Dec-09,52.98
10-Dec-09,53.2
11-Dec-09,52.33
14-Dec-09,52.68
15-Dec-09,52.46
16-Dec-09,52.2
17-Dec-09,51.92
18-Dec-09,52.28
21-Dec-09,51.76
22-Dec-09,51.26
23-Dec-09,51.08
24-Dec-09,51.21
29-Dec-09,50.89
30-Dec-09,50.79
31-Dec-09,50.51
1-Jan-10,50.11
4-Jan-10,50.07
5-Jan-10,50.35
6-Jan-10,50.14
7-Jan-10,49.76
8-Jan-10,49.07
11-Jan-10,49.15
12-Jan-10,49.26
13-Jan-10,50.14
14-Jan-10,49.6
15-Jan-10,50.16
18-Jan-10,50.26
19-Jan-10,50.4
20-Jan-10,50.36
21-Jan-10,50.2
22-Jan-10,51.24
25-Jan-10,51.22
27-Jan-10,51.83
28-Jan-10,51.35
29-Jan-10,51.59
1-Feb-10,51.37
2-Feb-10,50.96
3-Feb-10,50.88
4-Feb-10,50.65
5-Feb-10,51.89
8-Feb-10,52.39
9-Feb-10,52.2
10-Feb-10,51.94
11-Feb-10,51.66
15-Feb-10,51.46
16-Feb-10,51.41
17-Feb-10,50.94
18-Feb-10,50.86
19-Feb-10,50.55
22-Feb-10,50.34
23-Feb-10,50.63
24-Feb-10,51.27
25-Feb-10,51.82
26-Feb-10,51.73
2-Mar-10,51.51
3-Mar-10,51.65
4-Mar-10,51.9
5-Mar-10,51.25
8-Mar-10,50.24
9-Mar-10,50.59
10-Mar-10,50.42
11-Mar-10,50.31
12-Mar-10,50.14
15-Mar-10,50.31
17-Mar-10,50.13
18-Mar-10,50.46
19-Mar-10,50.28
22-Mar-10,50.28
23-Mar-10,50.43
25-Mar-10,49.57
26-Mar-10,49.01
29-Mar-10,48.68
30-Mar-10,48.58
31-Mar-10,48.44
5-Apr-10,47.3
6-Apr-10,47.28
7-Apr-10,47.28
8-Apr-10,47.95
9-Apr-10,47.35
12-Apr-10,47.57
13-Apr-10,48.06
15-Apr-10,47.57
16-Apr-10,48.03
19-Apr-10,48.49
20-Apr-10,48.17
21-Apr-10,47.6
22-Apr-10,47.75
23-Apr-10,47.67
26-Apr-10,47.02
27-Apr-10,47.38
28-Apr-10,47.78
29-Apr-10,47.42
30-Apr-10,47.25
3-May-10,47.38
4-May-10,46.93
5-May-10,47.34
6-May-10,48.4
7-May-10,49.52
10-May-10,48.36
11-May-10,48.81
12-May-10,48.93
13-May-10,48.18
14-May-10,48.59
17-May-10,49.66
18-May-10,49.16
19-May-10,50
20-May-10,51.36
21-May-10,52.06
24-May-10,51.65
25-May-10,52.82
26-May-10,52.71
28-May-10,51.05
31-May-10,50.78
1-Jun-10,51.21
2-Jun-10,51.61
3-Jun-10,50.36
4-Jun-10,50.36
7-Jun-10,51.87
8-Jun-10,51.12
9-Jun-10,51.38
10-Jun-10,51.61
11-Jun-10,51.14
14-Jun-10,50.66
15-Jun-10,51.25
16-Jun-10,50.61
17-Jun-10,50.92
18-Jun-10,50.82
21-Jun-10,50.29
22-Jun-10,50.73
23-Jun-10,51.23
24-Jun-10,51.48
25-Jun-10,51.99
28-Jun-10,51.64
29-Jun-10,52.37
30-Jun-10,52.61
1-Jul-10,52.83
2-Jul-10,53.03
5-Jul-10,53.1
6-Jul-10,53.33
7-Jul-10,53.94
8-Jul-10,53.05
9-Jul-10,52.81
12-Jul-10,52.63
13-Jul-10,52.95
14-Jul-10,52.43
15-Jul-10,53.06
16-Jul-10,53.66
19-Jul-10,54.36
20-Jul-10,54.14
21-Jul-10,54.2
22-Jul-10,54.78
23-Jul-10,53.97
26-Jul-10,53.59
27-Jul-10,53.75
28-Jul-10,53.01
29-Jul-10,53.39
30-Jul-10,53.7
2-Aug-10,53.34
3-Aug-10,53.43
4-Aug-10,54.06
5-Aug-10,53.67
6-Aug-10,53.42
9-Aug-10,53.85
10-Aug-10,53.93
11-Aug-10,54.54
12-Aug-10,55
13-Aug-10,54.1
16-Aug-10,54.49
17-Aug-10,54.74
18-Aug-10,54.55
20-Aug-10,54.58
23-Aug-10,54.58
24-Aug-10,55.08
25-Aug-10,55.66
26-Aug-10,55.25
27-Aug-10,55.31
30-Aug-10,55.13
31-Aug-10,55.96
1-Sep-10,55.53
2-Sep-10,55.57
3-Sep-10,55.4
6-Sep-10,55.12
7-Sep-10,55.59
8-Sep-10,55.89
9-Sep-10,55.65
13-Sep-10,55.23
14-Sep-10,55.47
15-Sep-10,54.65
16-Sep-10,54.25
17-Sep-10,53.65
20-Sep-10,53.23
21-Sep-10,53.44
22-Sep-10,53.6
23-Sep-10,53.9
24-Sep-10,53.79
27-Sep-10,53.46
28-Sep-10,53.59
29-Sep-10,53.7
1-Oct-10,53.53
4-Oct-10,53.25
5-Oct-10,53.43
6-Oct-10,53.26
7-Oct-10,53.46
8-Oct-10,53.87
11-Oct-10,54.05
12-Oct-10,54.68
13-Oct-10,54.37
14-Oct-10,54.41
15-Oct-10,54.24
18-Oct-10,54.52
19-Oct-10,54.6
20-Oct-10,54.47
21-Oct-10,54.78
22-Oct-10,54.84
25-Oct-10,54.94
26-Oct-10,55.03
27-Oct-10,54.5
28-Oct-10,54.6
29-Oct-10,55.21
1-Nov-10,55.22
2-Nov-10,55.16
3-Nov-10,55
4-Nov-10,54.84
8-Nov-10,54.49
9-Nov-10,54.89
10-Nov-10,54.25
11-Nov-10,53.81
12-Nov-10,54.2
15-Nov-10,54.43
16-Nov-10,54.52
18-Nov-10,54.64
19-Nov-10,54.25
22-Nov-10,54.28
23-Nov-10,54.5
24-Nov-10,54.9
25-Nov-10,54.68
26-Nov-10,54.54
29-Nov-10,54.5
30-Nov-10,54.77
1-Dec-10,54.75
2-Dec-10,53.94
3-Dec-10,53.94
6-Dec-10,54.13
7-Dec-10,54.27
8-Dec-10,53.73
9-Dec-10,53.81
10-Dec-10,54.03
13-Dec-10,53.79
14-Dec-10,53.94
15-Dec-10,54.04
16-Dec-10,53.89
20-Dec-10,54.1
21-Dec-10,54.08
22-Dec-10,53.89
23-Dec-10,54.16
24-Dec-10,54.5
27-Dec-10,54.55
28-Dec-10,54.8
29-Dec-10,54.87
30-Dec-10,55.16
31-Dec-10,55.06
3-Jan-11,54.97
4-Jan-11,54.56
5-Jan-11,55.09
6-Jan-11,54.48
7-Jan-11,54.34
10-Jan-11,54.68
11-Jan-11,54.57
12-Jan-11,54.34
13-Jan-11,54.33
14-Jan-11,54.84
17-Jan-11,54.99
18-Jan-11,55.18
19-Jan-11,55.15
20-Jan-11,55.53
21-Jan-11,55.14
24-Jan-11,55.08
25-Jan-11,55.24
27-Jan-11,55.44
28-Jan-11,55.34
31-Jan-11,56.02
1-Feb-11,55.95
2-Feb-11,55.99
3-Feb-11,55.9
4-Feb-11,55.91
7-Feb-11,55.44
8-Feb-11,55.17
9-Feb-11,55.03
10-Feb-11,55.19
11-Feb-11,54.79
14-Feb-11,54.69
15-Feb-11,54.43
17-Feb-11,54.28
18-Feb-11,54.25
21-Feb-11,54.24
22-Feb-11,54.25
23-Feb-11,54.68
24-Feb-11,55.28
25-Feb-11,55.34
28-Feb-11,55.32
1-Mar-11,54.91
3-Mar-11,54.93
4-Mar-11,54.64
7-Mar-11,54.84
8-Mar-11,54.68
9-Mar-11,54.31
10-Mar-11,54.44
11-Mar-11,54.33
14-Mar-11,55
15-Mar-11,55.36
16-Mar-11,55.92
17-Mar-11,57.14
18-Mar-11,55.19
21-Mar-11,55.65
22-Mar-11,55.59
23-Mar-11,55.6
24-Mar-11,55.3
25-Mar-11,55.14
28-Mar-11,54.81
29-Mar-11,54.7
30-Mar-11,54.01
31-Mar-11,54.02
5-Apr-11,52.69
6-Apr-11,51.85
7-Apr-11,51.86
8-Apr-11,51.75
11-Apr-11,52.14
13-Apr-11,52.9
15-Apr-11,53.48
18-Apr-11,53.4
19-Apr-11,54.18
20-Apr-11,53.54
21-Apr-11,54
25-Apr-11,54.07
26-Apr-11,54.56
27-Apr-11,54.29
28-Apr-11,54.24
29-Apr-11,54.42
2-May-11,54.37
3-May-11,54.76
4-May-11,55.09
5-May-11,55.48
6-May-11,55.59
9-May-11,55.45
10-May-11,55.6
11-May-11,55.3
12-May-11,55.28
13-May-11,55.67
16-May-11,55.69
18-May-11,55.55
19-May-11,55.11
20-May-11,54.99
23-May-11,55.32
24-May-11,55.33
25-May-11,55.43
26-May-11,55.38
27-May-11,55.79
30-May-11,55.8
31-May-11,55.29
1-Jun-11,55.17
2-Jun-11,55.47
3-Jun-11,55.59
6-Jun-11,55.67
7-Jun-11,55.72
8-Jun-11,55.79
9-Jun-11,55.83
10-Jun-11,55.83
13-Jun-11,55.78
14-Jun-11,55.76
15-Jun-11,55.53
16-Jun-11,55.56
17-Jun-11,55.73
20-Jun-11,56.11
21-Jun-11,56
22-Jun-11,55.85
23-Jun-11,55.86
24-Jun-11,55.83
27-Jun-11,55.87
28-Jun-11,55.78
29-Jun-11,55.48
30-Jun-11,55.59
1-Jul-11,55.33
4-Jul-11,55.07
5-Jul-11,54.9
6-Jul-11,54.88
7-Jul-11,54.86
8-Jul-11,54.55
11-Jul-11,54.93
12-Jul-11,55.96
13-Jul-11,56.16
14-Jul-11,56.37
15-Jul-11,56.24
18-Jul-11,56.42
19-Jul-11,56.44
20-Jul-11,56.26
21-Jul-11,56.38
22-Jul-11,56.45
25-Jul-11,56.67
26-Jul-11,56.73
27-Jul-11,56.59
28-Jul-11,56.72
29-Jul-11,56.95
1-Aug-11,56.69
2-Aug-11,57.16
3-Aug-11,57.5
4-Aug-11,55.93
5-Aug-11,57.02
8-Aug-11,57.78
9-Aug-11,58.42
10-Aug-11,58.85
11-Aug-11,59.11
12-Aug-11,59.06
16-Aug-11,58.93
17-Aug-11,59.17
18-Aug-11,59.5
22-Aug-11,59.88
23-Aug-11,59.54
24-Aug-11,59.76
25-Aug-11,59.84
26-Aug-11,59.73
29-Aug-11,59.78
30-Aug-11,59.98
2-Sep-11,59.76
5-Sep-11,59.87
6-Sep-11,60.05
7-Sep-11,59.57
8-Sep-11,59.7
9-Sep-11,59.87
12-Sep-11,60.98
13-Sep-11,61.16
14-Sep-11,62.19
15-Sep-11,62.38
16-Sep-11,61.81
19-Sep-11,62.18
20-Sep-11,63.02
21-Sep-11,62.8
22-Sep-11,63.61
23-Sep-11,65.1
26-Sep-11,65.03
27-Sep-11,64.41
28-Sep-11,63.93
29-Sep-11,63.9
3-Oct-11,64.15
4-Oct-11,64.25
5-Oct-11,64.14
7-Oct-11,64.11
10-Oct-11,63.95
11-Oct-11,63.93
12-Oct-11,64.19
13-Oct-11,63.61
14-Oct-11,63.78
17-Oct-11,63.39
18-Oct-11,63.97
19-Oct-11,64.07
20-Oct-11,64.78
21-Oct-11,65.26
24-Oct-11,65.37
25-Oct-11,65.28
28-Oct-11,64.36
31-Oct-11,61.51
1-Nov-11,62.82
2-Nov-11,63.06
3-Nov-11,63.26
4-Nov-11,62.85
8-Nov-11,63.27
9-Nov-11,64.16
11-Nov-11,64.83
14-Nov-11,64.93
15-Nov-11,65.6
16-Nov-11,66.06
17-Nov-11,65.86
18-Nov-11,66.8
21-Nov-11,67.31
22-Nov-11,68.41
23-Nov-11,67.61
24-Nov-11,67.75
25-Nov-11,67.39
28-Nov-11,66.98
29-Nov-11,66.55
30-Nov-11,66.93
1-Dec-11,66.5
2-Dec-11,66.02
5-Dec-11,65.91
7-Dec-11,66.19
8-Dec-11,66.69
9-Dec-11,67.33
12-Dec-11,67.52
13-Dec-11,68.58
14-Dec-11,68.75
15-Dec-11,69.49
16-Dec-11,67.8
19-Dec-11,67.95
20-Dec-11,68.03
21-Dec-11,67.72
22-Dec-11,67.63
23-Dec-11,67.53
26-Dec-11,67.75
27-Dec-11,67.9
28-Dec-11,68.39
29-Dec-11,68.67
30-Dec-11,68.68
2-Jan-12,69.25
3-Jan-12,69.35
4-Jan-12,69.31
5-Jan-12,68.82
6-Jan-12,68.34
9-Jan-12,68.54
10-Jan-12,67.99
11-Jan-12,67.29
12-Jan-12,67.41
13-Jan-12,67.05
16-Jan-12,67.24
17-Jan-12,66.59
18-Jan-12,66.07
19-Jan-12,65.53
20-Jan-12,65.27
23-Jan-12,65.24
24-Jan-12,64.9
25-Jan-12,64.19
27-Jan-12,64.45
30-Jan-12,64.57
31-Jan-12,65.18
1-Feb-12,65
2-Feb-12,64.54
3-Feb-12,64.24
6-Feb-12,63.46
7-Feb-12,63.79
8-Feb-12,63.65
9-Feb-12,63.86
10-Feb-12,63.94
13-Feb-12,63.56
14-Feb-12,63.25
15-Feb-12,62.76
17-Feb-12,62.2
21-Feb-12,61.52
22-Feb-12,61.53
23-Feb-12,61.35
24-Feb-12,61
27-Feb-12,60.54
28-Feb-12,60.99
29-Feb-12,60.94
1-Mar-12,60.67
2-Mar-12,60.61
5-Mar-12,61.27
6-Mar-12,61.39
7-Mar-12,62.63
9-Mar-12,61.31
12-Mar-12,60.72
13-Mar-12,60.67
14-Mar-12,59.97
15-Mar-12,59.92
16-Mar-12,60.28
19-Mar-12,60.12
20-Mar-12,60.25
21-Mar-12,60.44
22-Mar-12,61.09
26-Mar-12,62.13
27-Mar-12,61.47
28-Mar-12,61.52
29-Mar-12,62.02
30-Mar-12,62.43
3-Apr-12,61.63
4-Apr-12,61.75
9-Apr-12,62.99
10-Apr-12,63
11-Apr-12,63.72
12-Apr-12,63.52
13-Apr-12,63.5
16-Apr-12,64.17
17-Apr-12,64.19
18-Apr-12,63.31
19-Apr-12,63.65
20-Apr-12,63.7
23-Apr-12,64.27
24-Apr-12,65.25
25-Apr-12,64.5
26-Apr-12,64.78
27-Apr-12,65.18
30-Apr-12,65.54
2-May-12,65.87
3-May-12,66.36
4-May-12,67.01
7-May-12,66.87
8-May-12,66.12
9-May-12,67
10-May-12,66.93
11-May-12,67.2
14-May-12,67.1
15-May-12,67.41
16-May-12,67.57
17-May-12,67.73
18-May-12,69.21
21-May-12,69.02
22-May-12,69.08
23-May-12,70.32
24-May-12,70.81
25-May-12,69.98
28-May-12,69.63
29-May-12,69.93
30-May-12,70.51
31-May-12,71.57
1-Jun-12,71.29
4-Jun-12,71.01
5-Jun-12,70.82
6-Jun-12,70.4
7-Jun-12,69.51
8-Jun-12,69.88
11-Jun-12,69.42
12-Jun-12,70.47
13-Jun-12,70.12
14-Jun-12,70.29
15-Jun-12,70.69
18-Jun-12,70.18
19-Jun-12,70.92
20-Jun-12,70.77
21-Jun-12,70.85
22-Jun-12,70.88
25-Jun-12,70.55
26-Jun-12,71.6
27-Jun-12,71.93
28-Jun-12,71.68
29-Jun-12,70.9
2-Jul-12,70.15
3-Jul-12,68.71
4-Jul-12,68.4
5-Jul-12,69.06
6-Jul-12,69.39
9-Jul-12,70.32
10-Jul-12,70.22
11-Jul-12,69.82
12-Jul-12,70.11
13-Jul-12,70.26
16-Jul-12,69.51
17-Jul-12,69.88
18-Jul-12,70.05
19-Jul-12,70.47
20-Jul-12,70.22
23-Jul-12,71.42
24-Jul-12,71.58
25-Jul-12,72.12
26-Jul-12,71.56
27-Jul-12,70.84
30-Jul-12,70.74
31-Jul-12,71.35
1-Aug-12,71.01
2-Aug-12,71.12
3-Aug-12,71.68
6-Aug-12,70.77
7-Aug-12,70.92
8-Aug-12,70.38
9-Aug-12,70.28
10-Aug-12,70.51
13-Aug-12,70.79
14-Aug-12,70.85
16-Aug-12,70.64
17-Aug-12,70.18
21-Aug-12,70.05
22-Aug-12,70.01
23-Aug-12,70.3
24-Aug-12,70.47
27-Aug-12,70.62
28-Aug-12,71.01
29-Aug-12,70.9
30-Aug-12,70.78
31-Aug-12,71.04
3-Sep-12,70.83
4-Sep-12,70.85
5-Sep-12,71.33
6-Sep-12,71.39
7-Sep-12,70.31
10-Sep-12,70.71
11-Sep-12,70.99
12-Sep-12,70.93
13-Sep-12,71.33
14-Sep-12,70.55
17-Sep-12,68.95
18-Sep-12,68.99
20-Sep-12,69.49
21-Sep-12,68.98
24-Sep-12,68.28
25-Sep-12,68.86
26-Sep-12,68.93
27-Sep-12,68.56
28-Sep-12,68
1-Oct-12,67.86
3-Oct-12,66.89
4-Oct-12,66.14
5-Oct-12,65.83
8-Oct-12,66.46
9-Oct-12,66.85
10-Oct-12,67.82
11-Oct-12,68.06
12-Oct-12,67.21
15-Oct-12,67.65
16-Oct-12,66.95
17-Oct-12,67.07
18-Oct-12,66.94
19-Oct-12,67.71
22-Oct-12,67.45
23-Oct-12,67.09
25-Oct-12,66.91
29-Oct-12,67.51
30-Oct-12,68.22
31-Oct-12,67.99
1-Nov-12,67.25
2-Nov-12,66.85
5-Nov-12,67.29
6-Nov-12,68.19
7-Nov-12,67.77
8-Nov-12,68.12
9-Nov-12,68.31
12-Nov-12,69.13
15-Nov-12,68.03
16-Nov-12,67.88
19-Nov-12,67.65
20-Nov-12,67.55
21-Nov-12,67.39
22-Nov-12,66.89
23-Nov-12,67.24
26-Nov-12,67.84
27-Nov-12,67.72
29-Nov-12,67.2
30-Nov-12,66.17
3-Dec-12,66.27
4-Dec-12,66.94
5-Dec-12,66.34
6-Dec-12,66.1
7-Dec-12,65.77
10-Dec-12,65.94
11-Dec-12,65.98
12-Dec-12,65.66
13-Dec-12,64.86
14-Dec-12,64.86
17-Dec-12,65
18-Dec-12,65.31
19-Dec-12,64.92
20-Dec-12,65.31
21-Dec-12,65.5
24-Dec-12,65.29
26-Dec-12,64.46
27-Dec-12,63.98
28-Dec-12,63.46
31-Dec-12,63.66
1-Jan-13,63.21
2-Jan-13,62.32
3-Jan-13,62.36
4-Jan-13,62.5
7-Jan-13,62.67
8-Jan-13,63.33
9-Jan-13,62.86
10-Jan-13,61.99
11-Jan-13,61.26
14-Jan-13,60.98
15-Jan-13,61.3
16-Jan-13,62.2
17-Jan-13,61.65
18-Jan-13,59.91
21-Jan-13,60.11
22-Jan-13,59.98
23-Jan-13,60.96
24-Jan-13,60.3
28-Jan-13,59.29
29-Jan-13,59.17
30-Jan-13,58.95
31-Jan-13,58.66
1-Feb-13,57.85
4-Feb-13,57.17
5-Feb-13,57.71
6-Feb-13,56.59
7-Feb-13,56.75
8-Feb-13,57.42
11-Feb-13,58.01
12-Feb-13,57.43
13-Feb-13,57.86
14-Feb-13,57.6
15-Feb-13,58.38
18-Feb-13,57.79
20-Feb-13,57.95
21-Feb-13,58.33
22-Feb-13,58.34
25-Feb-13,57.36
26-Feb-13,58.81
27-Feb-13,58.68
28-Feb-13,58.24
1-Mar-13,58.91
4-Mar-13,58.97
5-Mar-13,58.75
6-Mar-13,58.69
7-Mar-13,58.29
8-Mar-13,57.06
11-Mar-13,56.52
12-Mar-13,56.4
13-Mar-13,56.53
14-Mar-13,56.73
15-Mar-13,56.36
18-Mar-13,57.5
19-Mar-13,56.87
20-Mar-13,57.22
21-Mar-13,56.71
22-Mar-13,57.37
25-Mar-13,57.14
26-Mar-13,57.63
28-Mar-13,57.76
2-Apr-13,58.56
3-Apr-13,58.15
4-Apr-13,57.37
5-Apr-13,57.01
8-Apr-13,55.51
9-Apr-13,54.95
10-Apr-13,55.03
12-Apr-13,54.77
15-Apr-13,55.67
16-Apr-13,55.7
17-Apr-13,54.89
18-Apr-13,55.14
22-Apr-13,54.31
23-Apr-13,54.99
25-Apr-13,54.64
26-Apr-13,55.05
29-Apr-13,55.51
30-Apr-13,55.47
2-May-13,55.24
3-May-13,55.03
6-May-13,54.36
7-May-13,54.84
8-May-13,54.77
9-May-13,54.95
10-May-13,53.97
13-May-13,54.03
14-May-13,53.85
15-May-13,53.55
16-May-13,53.5
17-May-13,53.54
20-May-13,53.6
21-May-13,53.67
22-May-13,54.07
23-May-13,55.04
24-May-13,54.71
27-May-13,55.1
28-May-13,54.65
29-May-13,55.05
30-May-13,55.68
31-May-13,56.03
3-Jun-13,56.35
4-Jun-13,56.51
5-Jun-13,56.7
6-Jun-13,57.37
7-Jun-13,58.88
10-Jun-13,58.79
11-Jun-13,59.94
12-Jun-13,60.27
13-Jun-13,62.08
14-Jun-13,60.93
17-Jun-13,60.85
18-Jun-13,61.59
19-Jun-13,61.82
20-Jun-13,61.46
21-Jun-13,60.72
22-Jun-13,60.66
24-Jun-13,60.66
25-Jun-13,61.25
26-Jun-13,61.36
27-Jun-13,61.79
28-Jun-13,60.49
1-Jul-13,59.48
2-Jul-13,59.53
3-Jul-13,59.65
4-Jul-13,60.25
5-Jul-13,60.14
8-Jul-13,60.4
9-Jul-13,59.36
10-Jul-13,59.76
11-Jul-13,60.4
12-Jul-13,60.59
15-Jul-13,60.51
16-Jul-13,59.54
17-Jul-13,59.77
18-Jul-13,60.51
19-Jul-13,59.74
22-Jul-13,59.37
23-Jul-13,59.96
24-Jul-13,59.51
25-Jul-13,59.01
26-Jul-13,59.67
29-Jul-13,60.58
30-Jul-13,60.84
31-Jul-13,62.44
1-Aug-13,61.69
2-Aug-13,61.04
5-Aug-13,61.77
6-Aug-13,62.49
7-Aug-13,63.22
8-Aug-13,63.44
12-Aug-13,63.07
13-Aug-13,63.09
14-Aug-13,62.56
16-Aug-13,63.29
19-Aug-13,63.83
20-Aug-13,65.51
21-Aug-13,65.02
22-Aug-13,66.62
23-Aug-13,65.32
26-Aug-13,65.21
27-Aug-13,66.95
28-Aug-13,70.25
29-Aug-13,69.22
30-Aug-13,67.83
2-Sep-13,66.84
3-Sep-13,67.18
4-Sep-13,67.18
5-Sep-13,66.18
6-Sep-13,66.09
10-Sep-13,64.28
11-Sep-13,63.68
12-Sep-13,64.1
13-Sep-13,63.88
16-Sep-13,63.23
17-Sep-13,63.93
18-Sep-13,63.65
19-Sep-13,62.74
20-Sep-13,62.67
23-Sep-13,63.17
24-Sep-13,63.32
25-Sep-13,63.57
26-Sep-13,62.84
27-Sep-13,62.66
30-Sep-13,64.15
1-Oct-13,63.51
3-Oct-13,63.43
4-Oct-13,63.25
7-Oct-13,63.62
8-Oct-13,63.5
9-Oct-13,63.54
10-Oct-13,63.58
11-Oct-13,62.15
14-Oct-13,62.4
15-Oct-13,62.66
17-Oct-13,62.51
18-Oct-13,62.52
21-Oct-13,62.66
22-Oct-13,62.86
23-Oct-13,63.18
24-Oct-13,62.99
25-Oct-13,63.48
28-Oct-13,63.01
29-Oct-13,63.01
30-Oct-13,62.61
31-Oct-13,62.44
1-Nov-13,63.21
5-Nov-13,62.74
6-Nov-13,62.81
7-Nov-13,63.46
8-Nov-13,63.94
11-Nov-13,63.97
12-Nov-13,63.85
13-Nov-13,63.94
14-Nov-13,63.31
18-Nov-13,62.59
19-Nov-13,62.32
20-Nov-13,62.51
21-Nov-13,62.45
22-Nov-13,62.37
25-Nov-13,61.43
26-Nov-13,61.51
27-Nov-13,61.43
28-Nov-13,61.1
29-Nov-13,60.97
2-Dec-13,60.74
3-Dec-13,60.38
4-Dec-13,60.77
5-Dec-13,60.44
6-Dec-13,60.4
9-Dec-13,59.38
10-Dec-13,59.29
11-Dec-13,59.72
12-Dec-13,60.03
13-Dec-13,59.9
16-Dec-13,60.4
17-Dec-13,60.17
18-Dec-13,60.16
19-Dec-13,59.98
20-Dec-13,59.59
23-Dec-13,59.58
24-Dec-13,59.37
26-Dec-13,59.15
27-Dec-13,59.23
30-Dec-13,58.86
31-Dec-13,58.97
1-Jan-14,58.83
2-Jan-14,58.79
3-Jan-14,59.9
6-Jan-14,59.73
7-Jan-14,59.71
8-Jan-14,59.34
9-Jan-14,59.29
10-Jan-14,59.01
13-Jan-14,59.49
15-Jan-14,58.99
16-Jan-14,58.77
17-Jan-14,58.78
20-Jan-14,59.19
21-Jan-14,58.87
22-Jan-14,59.3
23-Jan-14,59.42
24-Jan-14,60.14
27-Jan-14,61.21
28-Jan-14,61.36
29-Jan-14,60.22
30-Jan-14,61.22
31-Jan-14,60.96
3-Feb-14,61.41
4-Feb-14,62.12
5-Feb-14,61.58
6-Feb-14,61.59
7-Feb-14,61.01
10-Feb-14,60.74
11-Feb-14,61.01
12-Feb-14,60.6
13-Feb-14,61.02
14-Feb-14,61.22
17-Feb-14,60.97
18-Feb-14,60.51
20-Feb-14,61.17
21-Feb-14,60.66
24-Feb-14,60.71
25-Feb-14,60.51
26-Feb-14,60.53
28-Feb-14,60.99
3-Mar-14,61.01
4-Mar-14,60.84
5-Mar-14,60.56
6-Mar-14,59.74
7-Mar-14,59.22
10-Mar-14,59.34
11-Mar-14,58.78
12-Mar-14,59.39
13-Mar-14,59.46
14-Mar-14,60.57
18-Mar-14,59.9
19-Mar-14,60.18
20-Mar-14,59.76
21-Mar-14,59.64
24-Mar-14,59.26
25-Mar-14,59.17
26-Mar-14,58.81
27-Mar-14,58.81
28-Mar-14,58.83
2-Apr-14,57.48
3-Apr-14,57.87
4-Apr-14,58.1
7-Apr-14,58.13
9-Apr-14,58.88
10-Apr-14,59.18
11-Apr-14,59.2
15-Apr-14,59.14
16-Apr-14,58.91
17-Apr-14,59.2
21-Apr-14,58.85
22-Apr-14,59.25
23-Apr-14,59.51
25-Apr-14,59.73
28-Apr-14,59.17
29-Apr-14,59.01
30-Apr-14,58.93
2-May-14,58.77
5-May-14,58.88
6-May-14,59
7-May-14,59.17
8-May-14,58.96
9-May-14,59.06
12-May-14,58.6
13-May-14,58.55
15-May-14,58.34
16-May-14,57.97
19-May-14,57.67
20-May-14,57.93
21-May-14,58.09
22-May-14,57.62
23-May-14,57.57
26-May-14,57.48
27-May-14,57.97
28-May-14,57.98
29-May-14,57.85
30-May-14,58.1
2-Jun-14,58.01
3-Jun-14,57.88
4-Jun-14,57.76
5-Jun-14,57.83
6-Jun-14,57.85
9-Jun-14,57.65
10-Jun-14,57.95
11-Jun-14,57.99
12-Jun-14,58.13
13-Jun-14,58.28
16-Jun-14,58.96
17-Jun-14,59.21
18-Jun-14,58.81
19-Jun-14,58.94
20-Jun-14,59.17
23-Jun-14,59.05
24-Jun-14,58.94
25-Jun-14,59.15
26-Jun-14,59.12
27-Jun-14,59.27
30-Jun-14,59.28
1-Jul-14,59.27
2-Jul-14,59.05
3-Jul-14,58.62
4-Jul-14,58.6
7-Jul-14,58.71
8-Jul-14,58.73
9-Jul-14,58.79
10-Jul-14,59
11-Jul-14,59.41
14-Jul-14,59.18
15-Jul-14,59.27
16-Jul-14,59.19
17-Jul-14,59.25
18-Jul-14,59.54
21-Jul-14,59.45
22-Jul-14,59.32
23-Jul-14,59.34
24-Jul-14,59.13
25-Jul-14,59.11
28-Jul-14,59
30-Jul-14,58.9
31-Jul-14,58.61
1-Aug-14,59.11
4-Aug-14,59.41
5-Aug-14,59.38
6-Aug-14,59.8
7-Aug-14,60.04
8-Aug-14,60.64
11-Aug-14,59.85
12-Aug-14,59.81
13-Aug-14,59.91
14-Aug-14,59.55
19-Aug-14,59.19
20-Aug-14,58.8
21-Aug-14,58.53
22-Aug-14,58.29
25-Aug-14,58.01
26-Aug-14,58.24
27-Aug-14,58.17
28-Aug-14,58.27
1-Sep-14,58.06
2-Sep-14,57.81
3-Sep-14,57.71
4-Sep-14,57.6
5-Sep-14,57.36
8-Sep-14,57.33
9-Sep-14,56.88
10-Sep-14,57.12
11-Sep-14,56.96
12-Sep-14,56.74
15-Sep-14,56.85
16-Sep-14,56.96
17-Sep-14,56.87
18-Sep-14,56.13
19-Sep-14,55.73
22-Sep-14,55.83
23-Sep-14,55.98
24-Sep-14,56.17
25-Sep-14,55.87
26-Sep-14,56.45
29-Sep-14,56.07
30-Sep-14,56.36
1-Oct-14,56.24
7-Oct-14,56.5
8-Oct-14,56.69
9-Oct-14,56.57
10-Oct-14,56.74
13-Oct-14,57.08
14-Oct-14,57.04
16-Oct-14,57.83
17-Oct-14,58.02
20-Oct-14,57.14
21-Oct-14,57.63
22-Oct-14,57.27
27-Oct-14,56.71
28-Oct-14,56.89
29-Oct-14,56.76
30-Oct-14,56.34
31-Oct-14,55.28
3-Nov-14,54.48
5-Nov-14,53.76
7-Nov-14,53.31
10-Nov-14,53.86
11-Nov-14,53.43
12-Nov-14,53.34
13-Nov-14,53.18
14-Nov-14,53.04
17-Nov-14,53.28
18-Nov-14,52.97
19-Nov-14,52.71
20-Nov-14,52.34
21-Nov-14,52.53
24-Nov-14,52.41
25-Nov-14,52.52
26-Nov-14,52.56
27-Nov-14,52.71
28-Nov-14,52.45
1-Dec-14,52.26
2-Dec-14,52.31
3-Dec-14,51.93
4-Dec-14,51.6
5-Dec-14,51.51
8-Dec-14,50.98
9-Dec-14,51.61
10-Dec-14,51.98
11-Dec-14,52.68
12-Dec-14,52.49
15-Dec-14,52.94
16-Dec-14,54.09
17-Dec-14,54.34
18-Dec-14,53.39
19-Dec-14,52.8
22-Dec-14,52.88
23-Dec-14,52.82
24-Dec-14,52.73
26-Dec-14,52.93
29-Dec-14,52.9
30-Dec-14,53
31-Dec-14,52.93
1-Jan-15,52.91
2-Jan-15,52.59
5-Jan-15,52.61
6-Jan-15,53.25
7-Jan-15,53.3
8-Jan-15,52.53
9-Jan-15,52.23
12-Jan-15,52.62
13-Jan-15,52.28
14-Jan-15,53.08
15-Jan-15,52.4
16-Jan-15,53.08
19-Jan-15,52.68
20-Jan-15,52.23
21-Jan-15,52.39
22-Jan-15,52.17
23-Jan-15,51.95
27-Jan-15,52
28-Jan-15,52.06
29-Jan-15,52.25
30-Jan-15,52.4
2-Feb-15,52.61
3-Feb-15,52.76
4-Feb-15,52.42
5-Feb-15,52.8
6-Feb-15,52.63
9-Feb-15,52.29
10-Feb-15,52.25
11-Feb-15,52
12-Feb-15,51.95
13-Feb-15,52.34
16-Feb-15,52.46
18-Feb-15,52.32
20-Feb-15,52.35
23-Feb-15,52.28
24-Feb-15,52.24
25-Feb-15,52.28
26-Feb-15,52.06
27-Feb-15,51.85
2-Mar-15,51.62
3-Mar-15,51.68
4-Mar-15,51.7
5-Mar-15,51.89
9-Mar-15,51.76
10-Mar-15,51.47
11-Mar-15,51.74
12-Mar-15,51.57
13-Mar-15,51.6
16-Mar-15,51.84
17-Mar-15,51.69
18-Mar-15,51.64
19-Mar-15,51.79
20-Mar-15,51.79
23-Mar-15,51.95
24-Mar-15,51.99
25-Mar-15,52.07
26-Mar-15,52.75
27-Mar-15,52.53
30-Mar-15,52.52
31-Mar-15,52.11
6-Apr-15,52.23
7-Apr-15,52.14
8-Apr-15,51.98
9-Apr-15,51.77
10-Apr-15,51.74
13-Apr-15,51.83
15-Apr-15,52.19
16-Apr-15,52.27
17-Apr-15,52.41
20-Apr-15,52.74
21-Apr-15,52.65
22-Apr-15,52.55
23-Apr-15,52.75
24-Apr-15,53.04
27-Apr-15,53.45
28-Apr-15,53.2
29-Apr-15,53.08
30-Apr-15,53.53
5-May-15,52.86
6-May-15,53.1
7-May-15,53.47
8-May-15,53.41
11-May-15,53.25
12-May-15,53.43
13-May-15,53.54
14-May-15,53.68
15-May-15,53.2
18-May-15,53.12
19-May-15,53.09
20-May-15,52.76
21-May-15,52.59
22-May-15,52.66
25-May-15,52.34
26-May-15,52.11
27-May-15,52.02
28-May-15,51.6
29-May-15,51.48
1-Jun-15,51.2
2-Jun-15,51.21
3-Jun-15,51.52
4-Jun-15,51.6
5-Jun-15,51.33
8-Jun-15,51.06
9-Jun-15,51.46
10-Jun-15,51.94
11-Jun-15,51.85
12-Jun-15,51.85
15-Jun-15,51.93
16-Jun-15,51.91
17-Jun-15,51.91
18-Jun-15,51.89
19-Jun-15,51.83
22-Jun-15,51.73
23-Jun-15,51.46
24-Jun-15,51.38
25-Jun-15,51.4
26-Jun-15,51.54
29-Jun-15,52.17
30-Jun-15,52.07
1-Jul-15,51.85
2-Jul-15,51.52
3-Jul-15,51.49
6-Jul-15,51.89
7-Jul-15,51.67
8-Jul-15,52.17
9-Jul-15,52.3
10-Jul-15,51.97
13-Jul-15,51.77
14-Jul-15,51.48
15-Jul-15,51.34
16-Jul-15,51.28
17-Jul-15,51.2
20-Jul-15,51.2
21-Jul-15,51.17
22-Jul-15,51.38
23-Jul-15,51.37
24-Jul-15,51.56
27-Jul-15,51.85
28-Jul-15,51.84
29-Jul-15,51.75
30-Jul-15,51.53
31-Jul-15,51.55
3-Aug-15,51.56
4-Aug-15,51.59
5-Aug-15,51.29
6-Aug-15,51.11
7-Aug-15,51.13
10-Aug-15,51.22
11-Aug-15,51.37
12-Aug-15,51.91
13-Aug-15,52.16
14-Aug-15,52.35
17-Aug-15,52.42
19-Aug-15,52.5
20-Aug-15,52.59
21-Aug-15,53.55
24-Aug-15,54.97
25-Aug-15,56.01
26-Aug-15,55.28
27-Aug-15,55.08
28-Aug-15,54.54
31-Aug-15,54.75
1-Sep-15,55.05
2-Sep-15,55.09
3-Sep-15,54.98
4-Sep-15,55.57
7-Sep-15,55.93
8-Sep-15,55.6
9-Sep-15,55.07
10-Sep-15,55.14
11-Sep-15,55
14-Sep-15,55.18
15-Sep-15,55.55
16-Sep-15,55.34
18-Sep-15,55.01
21-Sep-15,54.83
22-Sep-15,54.5
23-Sep-15,54.92
24-Sep-15,55.08
28-Sep-15,54.92
29-Sep-15,55.42
30-Sep-15,54.8
1-Oct-15,54.54
5-Oct-15,54.39
6-Oct-15,54.41
7-Oct-15,54.34
8-Oct-15,54.41
9-Oct-15,53.96
12-Oct-15,53.86
13-Oct-15,54.26
14-Oct-15,54.41
15-Oct-15,54.61
16-Oct-15,54.54
19-Oct-15,54.36
20-Oct-15,54.33
21-Oct-15,54.31
23-Oct-15,53.79
26-Oct-15,53.63
27-Oct-15,53.83
28-Oct-15,54.01
29-Oct-15,53.93
30-Oct-15,53.92
2-Nov-15,54.38
3-Nov-15,54.24
4-Nov-15,54.17
5-Nov-15,54.05
6-Nov-15,54
9-Nov-15,53.79
10-Nov-15,53.8
13-Nov-15,53.9
16-Nov-15,54.05
17-Nov-15,53.48
18-Nov-15,53.63
19-Nov-15,53.62
20-Nov-15,53.82
23-Nov-15,53.87
24-Nov-15,54.1
26-Nov-15,54.3
27-Nov-15,54.53
30-Nov-15,54.41
1-Dec-15,54.13
2-Dec-15,54.12
3-Dec-15,54.08
4-Dec-15,54.51
7-Dec-15,54.05
8-Dec-15,54.27
9-Dec-15,54.4
10-Dec-15,54.91
11-Dec-15,54.75
14-Dec-15,55.29
15-Dec-15,55.49
16-Dec-15,54.84
17-Dec-15,54.43
18-Dec-15,54.48
21-Dec-15,54.67
22-Dec-15,54.68
23-Dec-15,54.74
28-Dec-15,54.92
29-Dec-15,55.16
30-Dec-15,55.17
31-Dec-15,55.09
1-Jan-16,55.01
4-Jan-16,55.65
5-Jan-16,55.71
6-Jan-16,56.19
7-Jan-16,56.78
8-Jan-16,56.32
11-Jan-16,56.93
12-Jan-16,56.91
13-Jan-16,56.57
14-Jan-16,57.01
15-Jan-16,57.25
18-Jan-16,57.68
19-Jan-16,57.37
20-Jan-16,58.24
21-Jan-16,58.3
22-Jan-16,57.38
25-Jan-16,56.93
27-Jan-16,57.45
28-Jan-16,57.36
29-Jan-16,56.26
1-Feb-16,55.78
2-Feb-16,56.21
3-Feb-16,56.98
4-Feb-16,57.42
5-Feb-16,57.91
8-Feb-16,57.75
9-Feb-16,59.39
10-Feb-16,59.21
11-Feb-16,60.54
12-Feb-16,60.94
15-Feb-16,59.84
16-Feb-16,59.68
17-Feb-16,60.32
18-Feb-16,60.15
22-Feb-16,60.75
23-Feb-16,61.12
24-Feb-16,61.27
25-Feb-16,61.01
26-Feb-16,61.03
29-Feb-16,60.78
1-Mar-16,60.5
2-Mar-16,59.42
3-Mar-16,59.05
4-Mar-16,59.1
8-Mar-16,59.59
9-Mar-16,59.92
10-Mar-16,58.99
11-Mar-16,59.13
14-Mar-16,58.9
15-Mar-16,59.31
16-Mar-16,59.4
17-Mar-16,59.59
18-Mar-16,59.87
21-Mar-16,59.66
22-Mar-16,59.37
23-Mar-16,59.52
28-Mar-16,58.72
29-Mar-16,58.58
30-Mar-16,59.11
31-Mar-16,59.06
4-Apr-16,59.44
5-Apr-16,59.98
6-Apr-16,60.31
7-Apr-16,61.04
11-Apr-16,61.53
12-Apr-16,61.38
13-Apr-16,60.98
18-Apr-16,61.73
20-Apr-16,60.82
21-Apr-16,60.48
22-Apr-16,60.15
25-Apr-16,59.99
26-Apr-16,60.22
27-Apr-16,59.85
28-Apr-16,61.32
29-Apr-16,61.96
2-May-16,62.31
3-May-16,62.65
4-May-16,62.21
5-May-16,62.15
6-May-16,62.13
9-May-16,61.73
10-May-16,61.35
11-May-16,61.43
12-May-16,61.16
13-May-16,61.47
16-May-16,61.45
17-May-16,61.07
18-May-16,61.25
19-May-16,61.01
20-May-16,61.17
23-May-16,61.38
24-May-16,61.97
25-May-16,61.32
26-May-16,61.34
27-May-16,61.12
30-May-16,60.49
31-May-16,60.4
1-Jun-16,61.31
2-Jun-16,61.58
3-Jun-16,61.83
6-Jun-16,62.6
7-Jun-16,62.1
8-Jun-16,62.26
9-Jun-16,62.41
10-Jun-16,62.4
13-Jun-16,63.32
14-Jun-16,63.46
15-Jun-16,63.19
16-Jun-16,64.55
17-Jun-16,64.39
20-Jun-16,64.44
21-Jun-16,64.59
22-Jun-16,64.61
23-Jun-16,64.52
24-Jun-16,66.45
27-Jun-16,66.69
28-Jun-16,66.69
29-Jun-16,66.21
30-Jun-16,65.91
1-Jul-16,65.67
4-Jul-16,65.47
5-Jul-16,66.06
7-Jul-16,67
8-Jul-16,67.15
11-Jul-16,65.89
12-Jul-16,64.94
13-Jul-16,64.53
14-Jul-16,63.38
15-Jul-16,63.38
18-Jul-16,63.51
19-Jul-16,63.35
20-Jul-16,63.23
21-Jul-16,62.73
22-Jul-16,63.41
25-Jul-16,63.37
26-Jul-16,64.58
27-Jul-16,63.57
28-Jul-16,64.07
29-Jul-16,64.69
1-Aug-16,65.08
2-Aug-16,65.32
3-Aug-16,66.26
4-Aug-16,65.95
5-Aug-16,66.13
8-Aug-16,65.4
9-Aug-16,65.36
10-Aug-16,65.84
11-Aug-16,65.91
12-Aug-16,65.44
16-Aug-16,66.68
18-Aug-16,66.84
19-Aug-16,66.82
22-Aug-16,66.67
23-Aug-16,67.03
24-Aug-16,66.9
25-Aug-16,66.84
26-Aug-16,66.72
29-Aug-16,65.62
30-Aug-16,65.61
31-Aug-16,64.89
1-Sep-16,64.78
2-Sep-16,64.52
6-Sep-16,64.2
7-Sep-16,65.46
8-Sep-16,65.33
9-Sep-16,65.13
12-Sep-16,65.26
14-Sep-16,64.83
15-Sep-16,65.58
16-Sep-16,65.52
19-Sep-16,65.54
20-Sep-16,65.86
21-Sep-16,65.49
22-Sep-16,66.65
23-Sep-16,66.08
26-Sep-16,66.13
27-Sep-16,65.84
28-Sep-16,66.09
29-Sep-16,65.43
30-Sep-16,66.05
3-Oct-16,65.7
4-Oct-16,65.08
5-Oct-16,64.7
6-Oct-16,64.34
7-Oct-16,64.3
10-Oct-16,64.56
13-Oct-16,64.44
14-Oct-16,64.23
17-Oct-16,64.12
18-Oct-16,64.14
19-Oct-16,64.4
20-Oct-16,64.35
21-Oct-16,64.4
24-Oct-16,64.43
25-Oct-16,64.06
26-Oct-16,64.13
27-Oct-16,63.93
28-Oct-16,63.44
1-Nov-16,63.68
2-Nov-16,64.37
3-Nov-16,64.95
4-Nov-16,64.62
7-Nov-16,63.88
8-Nov-16,62.94
9-Nov-16,63.02
10-Nov-16,65.05
11-Nov-16,63.91
15-Nov-16,62.61
16-Nov-16,62.12
17-Nov-16,62.1
18-Nov-16,61.56
21-Nov-16,61.45
22-Nov-16,61.46
23-Nov-16,61.71
24-Nov-16,60.9
25-Nov-16,60.32
28-Nov-16,61.32
29-Nov-16,61.25
30-Nov-16,60.79
1-Dec-16,60.01
2-Dec-16,59.96
5-Dec-16,60.11
6-Dec-16,59.68
7-Dec-16,59.41
8-Dec-16,59.44
9-Dec-16,59.06
13-Dec-16,58.54
14-Dec-16,58.66
15-Dec-16,57.72
16-Dec-16,57.38
19-Dec-16,57.73
20-Dec-16,57.66
21-Dec-16,57.7
22-Dec-16,57.73
23-Dec-16,57.88
26-Dec-16,57.96
27-Dec-16,57.97
28-Dec-16,58.06
29-Dec-16,58.41
30-Dec-16,58.22
2-Jan-17,58.19
3-Jan-17,58.03
4-Jan-17,57.81
5-Jan-17,58.33
6-Jan-17,58.5
9-Jan-17,58.1
10-Jan-17,58.88
11-Jan-17,58.82
12-Jan-17,59.45
13-Jan-17,59.4
16-Jan-17,59.79
17-Jan-17,59.98
18-Jan-17,59.97
19-Jan-17,59.48
20-Jan-17,59.38
23-Jan-17,60.1
24-Jan-17,60.27
25-Jan-17,59.98
27-Jan-17,59.24
30-Jan-17,59.38
31-Jan-17,59.77
1-Feb-17,59.69
2-Feb-17,59.91
3-Feb-17,59.6
6-Feb-17,59.73
7-Feb-17,60.26
8-Feb-17,59.94
9-Feb-17,59.71
10-Feb-17,58.89
13-Feb-17,58.89
14-Feb-17,59.06
15-Feb-17,58.56
16-Feb-17,58.75
17-Feb-17,59.15
20-Feb-17,59.16
22-Feb-17,58.98
23-Feb-17,59.01
27-Feb-17,59.51
28-Feb-17,59.35
1-Mar-17,58.91
2-Mar-17,58.5
3-Mar-17,58.55
6-Mar-17,58.67
7-Mar-17,58.48
8-Mar-17,58.61
9-Mar-17,58.33
10-Mar-17,57.79
14-Mar-17,57.57
15-Mar-17,57.08
16-Mar-17,57.73
17-Mar-17,57.84
20-Mar-17,58.06
21-Mar-17,57.95
22-Mar-17,58.7
23-Mar-17,58.81
24-Mar-17,58.74
27-Mar-17,59.08
29-Mar-17,58.41
30-Mar-17,58.43
31-Mar-17,57.96
3-Apr-17,58.23
5-Apr-17,58.76
6-Apr-17,58.79
7-Apr-17,58.19
10-Apr-17,57.87
11-Apr-17,58.37
12-Apr-17,59.06
13-Apr-17,58.97
17-Apr-17,59.39
18-Apr-17,59.22
19-Apr-17,59.39
20-Apr-17,59.35
21-Apr-17,59.03
24-Apr-17,58.56
25-Apr-17,58.33
26-Apr-17,57.47
27-Apr-17,57.6
28-Apr-17,57.72
2-May-17,57.27
3-May-17,57.24
4-May-17,56.95
5-May-17,57.37
8-May-17,56.99
9-May-17,56.9
11-May-17,56.48
12-May-17,56.56
15-May-17,56.48
16-May-17,56.52
17-May-17,56.99
18-May-17,57.8
19-May-17,58.44
22-May-17,57.98
23-May-17,58.37
24-May-17,57.96
25-May-17,57.74
26-May-17,57.95
29-May-17,58.03
30-May-17,58.24
31-May-17,58.15
1-Jun-17,58.07
2-Jun-17,57.72
5-Jun-17,58.2
6-Jun-17,58.71
7-Jun-17,58.93
8-Jun-17,58.76
9-Jun-17,58.31
12-Jun-17,58.36
13-Jun-17,58.59
14-Jun-17,58.45
15-Jun-17,58.62
16-Jun-17,58.05
19-Jun-17,57.98
20-Jun-17,57.8
21-Jun-17,58.07
22-Jun-17,58.05
23-Jun-17,58.01
27-Jun-17,57.71
28-Jun-17,57.44
29-Jun-17,57.4
30-Jun-17,57.78
3-Jul-17,57.54
4-Jul-17,57.49
5-Jul-17,57.15
6-Jul-17,57.25
7-Jul-17,56.94
10-Jul-17,56.53
11-Jul-17,56.38
12-Jul-17,56.85
13-Jul-17,57.02
14-Jul-17,56.9
17-Jul-17,57.12
18-Jul-17,57.39
19-Jul-17,57.43
20-Jul-17,57.45
21-Jul-17,57.53
24-Jul-17,58.01
25-Jul-17,58.05
26-Jul-17,57.56
27-Jul-17,57.74
28-Jul-17,57.78
31-Jul-17,57.98
1-Aug-17,58.12
2-Aug-17,57.86
3-Aug-17,57.53
4-Aug-17,57.85
7-Aug-17,57.55
8-Aug-17,57.63
9-Aug-17,57.94
10-Aug-17,58.15
11-Aug-17,58.76
14-Aug-17,58.43
16-Aug-17,58.01
18-Aug-17,58.63
21-Aug-17,58.68
22-Aug-17,58.69
23-Aug-17,58.58
24-Aug-17,58.67
28-Aug-17,58.53
29-Aug-17,58.81
30-Aug-17,58.16
31-Aug-17,57.91
1-Sep-17,58.1
4-Sep-17,58.51
5-Sep-17,58.63
6-Sep-17,59.04
7-Sep-17,58.7
8-Sep-17,59.28
11-Sep-17,58.86
12-Sep-17,58.41
13-Sep-17,58.11
14-Sep-17,58.02
15-Sep-17,57.92
18-Sep-17,57.57
19-Sep-17,57.45
20-Sep-17,57.76
21-Sep-17,57.3
22-Sep-17,57.99
25-Sep-17,57.75
26-Sep-17,58.58
27-Sep-17,58.4
28-Sep-17,58.18
29-Sep-17,58.03
3-Oct-17,57.97
4-Oct-17,58
5-Oct-17,57.77
6-Oct-17,57.72
9-Oct-17,57.99
10-Oct-17,57.95
11-Oct-17,58.08
12-Oct-17,57.98
13-Oct-17,58.01
16-Oct-17,57.93
17-Oct-17,57.87
18-Oct-17,57.93
23-Oct-17,57.17
24-Oct-17,57.18
25-Oct-17,57.19
26-Oct-17,57.06
27-Oct-17,57
30-Oct-17,57.13
31-Oct-17,57.27
1-Nov-17,56.7
2-Nov-17,56.72
3-Nov-17,56.66
6-Nov-17,56.66
7-Nov-17,56.85
8-Nov-17,57.12
9-Nov-17,57.13
10-Nov-17,57.34
13-Nov-17,57.68
14-Nov-17,57.65
15-Nov-17,57.76
16-Nov-17,57.81
17-Nov-17,57.59
20-Nov-17,58.08
21-Nov-17,57.82
22-Nov-17,57.75
23-Nov-17,58.22
24-Nov-17,58.07
27-Nov-17,58.1
28-Nov-17,57.94
29-Nov-17,57.75
30-Nov-17,57.46
4-Dec-17,57.04
5-Dec-17,57.15
6-Dec-17,57.42
7-Dec-17,57.33
8-Dec-17,56.84
11-Dec-17,56.68
12-Dec-17,56.84
13-Dec-17,56.87
14-Dec-17,57.06
15-Dec-17,57.13
18-Dec-17,56.9
19-Dec-17,56.98
20-Dec-17,56.7
21-Dec-17,56.5
22-Dec-17,56.51
26-Dec-17,56.53
27-Dec-17,56.68
28-Dec-17,56.89
29-Dec-17,56.72
1-Jan-18,56.51
2-Jan-18,56.52
3-Jan-18,56.55
4-Jan-18,56.31
5-Jan-18,56.06
8-Jan-18,55.95
9-Jan-18,56.33
10-Jan-18,56.81
11-Jan-18,57.03
12-Jan-18,57.09
15-Jan-18,57.23
16-Jan-18,57.5
17-Jan-18,57.74
18-Jan-18,57.41
19-Jan-18,57.49
22-Jan-18,57.64
23-Jan-18,57.57
24-Jan-18,57.92
25-Jan-18,58.36
29-Jan-18,58.38
30-Jan-18,58.62
31-Jan-18,58.6
1-Feb-18,58.09
2-Feb-18,58.36
5-Feb-18,58.22
6-Feb-18,59.05
7-Feb-18,58.71
8-Feb-18,58.5
9-Feb-18,59.06
12-Feb-18,59.14
14-Feb-18,59.84
15-Feb-18,60.05
16-Feb-18,60.46
20-Feb-18,60.35
21-Feb-18,60.17
22-Feb-18,60.55
23-Feb-18,60.59
26-Feb-18,60.69
27-Feb-18,60.71
28-Feb-18,60.8
1-Mar-18,61.07
5-Mar-18,61.64
6-Mar-18,61.2
7-Mar-18,61.55
8-Mar-18,61.26
9-Mar-18,60.97
12-Mar-18,60.96
13-Mar-18,60.85
14-Mar-18,60.99
15-Mar-18,61.27
16-Mar-18,61.27
19-Mar-18,61.5
20-Mar-18,61.33
21-Mar-18,61.28
22-Mar-18,61.44
23-Mar-18,62.13
26-Mar-18,61.82
27-Mar-18,61.36
28-Mar-18,61.54
3-Apr-18,61.31
4-Apr-18,61
5-Apr-18,60.78
6-Apr-18,60.54
9-Apr-18,60.66
10-Apr-18,60.58
11-Apr-18,60.84
12-Apr-18,61.15
13-Apr-18,60.64
16-Apr-18,61.02
17-Apr-18,61.35
18-Apr-18,61.21
19-Apr-18,61.22
20-Apr-18,61.4
23-Apr-18,61.4
24-Apr-18,60.98
25-Apr-18,61.12
26-Apr-18,61.12
27-Apr-18,61.08
2-May-18,60.71
3-May-18,60.79
4-May-18,61.17
7-May-18,61.44
8-May-18,61.56
9-May-18,61.49
10-May-18,61.34
11-May-18,61.43
14-May-18,61.54
15-May-18,61.44
16-May-18,61.52
17-May-18,61.28
18-May-18,61.31
21-May-18,61.15
22-May-18,61.25
23-May-18,61.74
24-May-18,62.4
25-May-18,62.38
28-May-18,61.57
29-May-18,62.27
30-May-18,62.21
31-May-18,62.04
1-Jun-18,61.56
4-Jun-18,61.14
5-Jun-18,61.14
6-Jun-18,61.02
7-Jun-18,60.91
8-Jun-18,61.6
11-Jun-18,61.24
12-Jun-18,61.1
13-Jun-18,61.15
14-Jun-18,61.52
15-Jun-18,61.34
18-Jun-18,61.55
19-Jun-18,62.19
20-Jun-18,61.82
21-Jun-18,61.61
22-Jun-18,61.61
25-Jun-18,62.27
26-Jun-18,62.17
27-Jun-18,62.36
28-Jun-18,62.53
29-Jun-18,62.02
2-Jul-18,62
3-Jul-18,61.91
4-Jul-18,62.09
5-Jul-18,62.17
6-Jul-18,62.25
9-Jul-18,62.16
10-Jul-18,61.93
11-Jul-18,61.98
12-Jul-18,61.15
13-Jul-18,60.77
16-Jul-18,61.02
17-Jul-18,60.78
18-Jul-18,60.65
19-Jul-18,61.01
20-Jul-18,61.27
23-Jul-18,61.93
24-Jul-18,61.98
25-Jul-18,61.88
26-Jul-18,62.09
27-Jul-18,61.84
30-Jul-18,61.89
31-Jul-18,61.69
1-Aug-18,61.21
2-Aug-18,61.23
3-Aug-18,61.58
6-Aug-18,61.71
7-Aug-18,61.81
8-Aug-18,61.74
9-Aug-18,61.8
10-Aug-18,62.15
13-Aug-18,62.97
14-Aug-18,62.9
16-Aug-18,63.35
20-Aug-18,63.09
21-Aug-18,63.3
23-Aug-18,63.21
24-Aug-18,62.98
27-Aug-18,63.07
28-Aug-18,63.08
29-Aug-18,63.42
30-Aug-18,63.34
31-Aug-18,63.91
3-Sep-18,63.8
4-Sep-18,63.92
5-Sep-18,64.36
6-Sep-18,64.56
7-Sep-18,64.98
10-Sep-18,65.42
11-Sep-18,64.89
12-Sep-18,65.22
14-Sep-18,64.19
17-Sep-18,64.78
18-Sep-18,64.59
19-Sep-18,64.69
21-Sep-18,63.67
24-Sep-18,64.61
25-Sep-18,64.47
26-Sep-18,64.42
27-Sep-18,64.47
28-Sep-18,63.9
1-Oct-18,63.89
3-Oct-18,64.18
4-Oct-18,64.49
5-Oct-18,64.59
8-Oct-18,64.96
9-Oct-18,65.51
10-Oct-18,65.6
11-Oct-18,66.29
12-Oct-18,65.67
15-Oct-18,66.08
16-Oct-18,65.95
17-Oct-18,65.47
19-Oct-18,65.27
22-Oct-18,65.02
23-Oct-18,65.62
24-Oct-18,65.13
25-Oct-18,65.33
26-Oct-18,65.41
29-Oct-18,65.62
30-Oct-18,65.28
31-Oct-18,65.36
1-Nov-18,65.4
2-Nov-18,64.47
5-Nov-18,64.5
6-Nov-18,64.37
9-Nov-18,63.84
12-Nov-18,63.91
13-Nov-18,63.69
14-Nov-18,63.31
15-Nov-18,63.55
16-Nov-18,63.37
19-Nov-18,63.74
20-Nov-18,63.4
22-Nov-18,62.97
26-Nov-18,62.47
27-Nov-18,62.49
28-Nov-18,62.08
29-Nov-18,61.71
30-Nov-18,61.43
3-Dec-18,61.69
4-Dec-18,62.21
5-Dec-18,62.37
6-Dec-18,62.99
7-Dec-18,62.53
10-Dec-18,63.43
11-Dec-18,63.57
12-Dec-18,63.5
13-Dec-18,63.06
14-Dec-18,63.2
17-Dec-18,63.17
18-Dec-18,63.21
19-Dec-18,62.38
20-Dec-18,62.79
21-Dec-18,62.87
24-Dec-18,63.16
26-Dec-18,63.36
27-Dec-18,63.25
28-Dec-18,63.28
31-Dec-18,63.21
1-Jan-19,63.57
2-Jan-19,63.75
3-Jan-19,65.8
4-Jan-19,64.6
7-Jan-19,64.21
8-Jan-19,64.37
9-Jan-19,64.71
10-Jan-19,65.4
11-Jan-19,65.03
14-Jan-19,65.5
15-Jan-19,65.37
16-Jan-19,65.62
17-Jan-19,65.51
18-Jan-19,65.04
21-Jan-19,65.15
22-Jan-19,65.23
23-Jan-19,64.94
24-Jan-19,64.97
25-Jan-19,64.74
28-Jan-19,65.05
29-Jan-19,65.05
30-Jan-19,65.2
31-Jan-19,65.3
1-Feb-19,65.31
4-Feb-19,65.29
5-Feb-19,65.29
6-Feb-19,65.21
7-Feb-19,65
8-Feb-19,64.98
11-Feb-19,64.71
12-Feb-19,64.15
13-Feb-19,63.78
14-Feb-19,63.88
15-Feb-19,64.55
18-Feb-19,64.64
20-Feb-19,64.21
21-Feb-19,64.24
22-Feb-19,64.29
25-Feb-19,64.22
26-Feb-19,64.16
27-Feb-19,64.38
28-Feb-19,64.24
1-Mar-19,63.49
5-Mar-19,63.23
6-Mar-19,63.13
7-Mar-19,62.66
8-Mar-19,63.13
11-Mar-19,62.93
12-Mar-19,62.54
13-Mar-19,62.55
14-Mar-19,62.43
15-Mar-19,61.99
18-Mar-19,61.5
19-Mar-19,61.66
20-Mar-19,61.72
22-Mar-19,61.97
25-Mar-19,62.76
26-Mar-19,62.55
27-Mar-19,62.33
28-Mar-19,62.69
29-Mar-19,62.52
2-Apr-19,62.09
3-Apr-19,61.45
4-Apr-19,61.82
5-Apr-19,61.96
8-Apr-19,62.38
9-Apr-19,62.45
10-Apr-19,62.21
11-Apr-19,62.07
12-Apr-19,61.99
15-Apr-19,61.84
16-Apr-19,62.16
18-Apr-19,62.04
22-Apr-19,62.32
23-Apr-19,62.34
24-Apr-19,62.53
25-Apr-19,62.49
26-Apr-19,62.8
30-Apr-19,62.68
2-May-19,62.34
3-May-19,62.13
6-May-19,62.62
7-May-19,62.59
8-May-19,63.23
9-May-19,63.59
10-May-19,63.72
13-May-19,64.04
14-May-19,64.25
15-May-19,64.01
16-May-19,64.18
17-May-19,64.03
20-May-19,63.14
21-May-19,63.28
22-May-19,63.17
23-May-19,63.19
24-May-19,63.55
27-May-19,63.38
28-May-19,63.59
29-May-19,63.97
30-May-19,63.59
31-May-19,64.08
3-Jun-19,64.13
4-Jun-19,64.21
6-Jun-19,64.12
7-Jun-19,63.92
10-Jun-19,63.94
11-Jun-19,63.9
12-Jun-19,64.07
13-Jun-19,64.03
14-Jun-19,64.23
17-Jun-19,64.31
18-Jun-19,64.47
19-Jun-19,64.34
20-Jun-19,64.69
21-Jun-19,64.9
24-Jun-19,64.68
25-Jun-19,64.81
26-Jun-19,64.55
27-Jun-19,64.01
28-Jun-19,63.97
1-Jul-19,63.64
2-Jul-19,63.66
3-Jul-19,64
4-Jul-19,63.86
5-Jul-19,63.7
8-Jul-19,63.42
9-Jul-19,63.18
10-Jul-19,62.93
11-Jul-19,63.32
12-Jul-19,63.3
15-Jul-19,63.49
16-Jul-19,63.45
17-Jul-19,63.6
18-Jul-19,63.99
19-Jul-19,63.93
22-Jul-19,63.94
23-Jul-19,63.8
24-Jul-19,63.83
25-Jul-19,63.81
26-Jul-19,63.58
29-Jul-19,63.42
30-Jul-19,63.31
31-Jul-19,63.43
1-Aug-19,63.24
2-Aug-19,64.82
5-Aug-19,66.42
6-Aug-19,66.41
7-Aug-19,66.8
8-Aug-19,66.76
9-Aug-19,66.58
13-Aug-19,67.66
14-Aug-19,66.82
16-Aug-19,67.17
19-Aug-19,67.05
20-Aug-19,67.27
21-Aug-19,67.2
22-Aug-19,67.44
23-Aug-19,67.26
26-Aug-19,68.61
27-Aug-19,67.97
28-Aug-19,67.77
29-Aug-19,67.98
30-Aug-19,67.49
3-Sep-19,67.92
4-Sep-19,67.89
5-Sep-19,67.47
6-Sep-19,67.04
9-Sep-19,66.98
11-Sep-19,66.47
12-Sep-19,66.02
13-Sep-19,65.64
16-Sep-19,66.34
17-Sep-19,66.36
18-Sep-19,65.9
19-Sep-19,65.89
20-Sep-19,65.76
23-Sep-19,65.83
24-Sep-19,65.88
25-Sep-19,66.18
26-Sep-19,65.87
27-Sep-19,65.71
30-Sep-19,65.55
1-Oct-19,65.49
3-Oct-19,66.39
4-Oct-19,66.36
7-Oct-19,66.41
9-Oct-19,66.35
10-Oct-19,66.1
11-Oct-19,65.78
14-Oct-19,65.61
15-Oct-19,65.82
16-Oct-19,65.77
17-Oct-19,65.66
18-Oct-19,65.58
22-Oct-19,65.26
23-Oct-19,65.44
24-Oct-19,65.3
25-Oct-19,65.3
29-Oct-19,64.9
30-Oct-19,65.23
31-Oct-19,65.15
1-Nov-19,65.65
4-Nov-19,65.3
5-Nov-19,65.01
6-Nov-19,65
7-Nov-19,65.3
8-Nov-19,65.21
11-Nov-19,65.57
13-Nov-19,65.74
14-Nov-19,66.28
15-Nov-19,66.04
18-Nov-19,65.89
19-Nov-19,66.12
20-Nov-19,66.05
21-Nov-19,66.12
22-Nov-19,66.14
25-Nov-19,65.81
26-Nov-19,65.7
27-Nov-19,65.37
28-Nov-19,65.33
29-Nov-19,65.51
2-Dec-19,65.41
3-Dec-19,65.59
4-Dec-19,66.11
5-Dec-19,65.76
6-Dec-19,65.61
9-Dec-19,65.54
10-Dec-19,65.27
11-Dec-19,65.17
12-Dec-19,65.15
13-Dec-19,64.53
16-Dec-19,64.85
17-Dec-19,64.78
18-Dec-19,64.93
19-Dec-19,64.86
20-Dec-19,65.09
23-Dec-19,65.04
24-Dec-19,65.07
26-Dec-19,65.05
27-Dec-19,65.04
30-Dec-19,65.37
31-Dec-19,65.59
1-Jan-20,65.69
2-Jan-20,65.61
3-Jan-20,66.32
6-Jan-20,66.74
7-Jan-20,66.22
8-Jan-20,66.45
9-Jan-20,65.36
10-Jan-20,64.9
13-Jan-20,64.59
14-Jan-20,64.43
15-Jan-20,64.47
16-Jan-20,64.49
17-Jan-20,64.45
20-Jan-20,64.49
21-Jan-20,64.74
22-Jan-20,64.71
23-Jan-20,65.05
24-Jan-20,65.04
27-Jan-20,65.46
28-Jan-20,65.41
29-Jan-20,65.24
30-Jan-20,65.62
31-Jan-20,65.58
3-Feb-20,65.96
4-Feb-20,65.36
5-Feb-20,65.12
6-Feb-20,64.82
7-Feb-20,64.79
10-Feb-20,64.93
11-Feb-20,64.8
12-Feb-20,64.86
13-Feb-20,65.09
14-Feb-20,65.03
17-Feb-20,65.02
18-Feb-20,65.04
20-Feb-20,64.21
24-Feb-20,64.4
25-Feb-20,64.82
26-Feb-20,64.97
27-Feb-20,65.06
28-Feb-20,66.3
2-Mar-20,66.73
3-Mar-20,67.62
4-Mar-20,68.44
5-Mar-20,68.27
6-Mar-20,69.56
9-Mar-20,72.06
11-Mar-20,70.64
12-Mar-20,71.56
13-Mar-20,70.21
16-Mar-20,69.82
17-Mar-20,69.5
18-Mar-20,69.39
19-Mar-20,69.06
20-Mar-20,68.19
23-Mar-20,69.04
24-Mar-20,68.98
26-Mar-20,67.98
27-Mar-20,68.89
30-Mar-20,69.84
31-Mar-20,69.65
3-Apr-20,70.27
7-Apr-20,69.68
8-Apr-20,69.88
9-Apr-20,70.18
13-Apr-20,70.8
15-Apr-20,71.23
16-Apr-20,71.22
17-Apr-20,71.04
20-Apr-20,71.05
21-Apr-20,71.31
22-Apr-20,71.41
23-Apr-20,70.55
24-Apr-20,71
27-Apr-20,71.03
28-Apr-20,71.23
29-Apr-20,71.04
30-Apr-20,70.48
4-May-20,70.99
5-May-20,70.84
6-May-20,71.16
8-May-20,70.93
11-May-20,70.78
12-May-20,70.52
13-May-20,70.37
14-May-20,70.64
15-May-20,70.48
18-May-20,70.84
19-May-20,70.44
20-May-20,70.21
21-May-20,70.34
22-May-20,70.55
26-May-20,70.11
27-May-20,70.34
28-May-20,70.25
29-May-20,70.56
1-Jun-20,70.16
2-Jun-20,70.16
3-Jun-20,69.3
4-Jun-20,69.22
5-Jun-20,69.03
8-Jun-20,69.05
9-Jun-20,69.92
10-Jun-20,70.26
11-Jun-20,70.77
12-Jun-20,70.89
15-Jun-20,70.96
16-Jun-20,70.54
17-Jun-20,71.03
18-Jun-20,71.21
19-Jun-20,71.27
22-Jun-20,71.13
23-Jun-20,70.67
24-Jun-20,71.03
25-Jun-20,70.57
26-Jun-20,70.47
29-Jun-20,70.57
30-Jun-20,70.15
1-Jul-20,70.19
2-Jul-20,70.24
3-Jul-20,69.56
6-Jul-20,69.35
7-Jul-20,69.6
8-Jul-20,69.75
9-Jul-20,69.95
10-Jul-20,70.46
13-Jul-20,70.3
14-Jul-20,70.25
15-Jul-20,70.24
16-Jul-20,70.37
17-Jul-20,70.06
20-Jul-20,69.9
21-Jul-20,69.67
22-Jul-20,69.9
23-Jul-20,69.79
24-Jul-20,70.4
27-Jul-20,70.79
28-Jul-20,70.83
29-Jul-20,71.22
30-Jul-20,71.12
31-Jul-20,71.64
3-Aug-20,70.78
4-Aug-20,70.77
5-Aug-20,70.91
6-Aug-20,71
7-Aug-20,71.01
10-Aug-20,70.79
11-Aug-20,70.49
12-Aug-20,70.11
13-Aug-20,70.17
14-Aug-20,69.99
17-Aug-20,70.26
18-Aug-20,70.92
19-Aug-20,70.86
20-Aug-20,70.7
21-Aug-20,70.9
24-Aug-20,70.7
25-Aug-20,70.16
26-Aug-20,69.92
27-Aug-20,70.09
28-Aug-20,69.03
31-Aug-20,69.67
1-Sep-20,68.92
2-Sep-20,68.85
3-Sep-20,69.01
4-Sep-20,69.07
7-Sep-20,68.95
8-Sep-20,69.12
9-Sep-20,69.56
10-Sep-20,69.14
11-Sep-20,69.19
14-Sep-20,69.2
15-Sep-20,69.49
16-Sep-20,70
18-Sep-20,69.93
21-Sep-20,70.29
22-Sep-20,70.25
23-Sep-20,70.04
24-Sep-20,70.2
25-Sep-20,70
28-Sep-20,69.83
29-Sep-20,69.92
30-Sep-20,69.91
1-Oct-20,69.55
5-Oct-20,69.38
6-Oct-20,69.43
7-Oct-20,69.38
8-Oct-20,69.15
9-Oct-20,69.11
13-Oct-20,69.65
14-Oct-20,69.65
15-Oct-20,69.58
16-Oct-20,69.7
19-Oct-20,69.64
20-Oct-20,69.5
21-Oct-20,69.77
22-Oct-20,70.39
23-Oct-20,70.26
26-Oct-20,70.3
27-Oct-20,70.44
28-Oct-20,70.77
29-Oct-20,70.87
2-Nov-20,70.96
3-Nov-20,70.98
4-Nov-20,71.18
5-Nov-20,71.19
6-Nov-20,71.52
9-Nov-20,71.41
10-Nov-20,70.67
11-Nov-20,70.5
12-Nov-20,70.76
13-Nov-20,71.16
17-Nov-20,71.29
18-Nov-20,71.49
19-Nov-20,71.53
20-Nov-20,71.47
23-Nov-20,71.46
24-Nov-20,70.86
25-Nov-20,70.77
26-Nov-20,70.75
27-Nov-20,70.97
1-Dec-20,70.44
2-Dec-20,70.52
3-Dec-20,70.74
4-Dec-20,70.99
7-Dec-20,70.84
8-Dec-20,70.89
9-Dec-20,70.65
10-Dec-20,70.53
11-Dec-20,70.73
14-Dec-20,70.7
15-Dec-20,70.76
16-Dec-20,70.98
17-Dec-20,71.07
18-Dec-20,71.1
21-Dec-20,71.19
22-Dec-20,71.45
23-Dec-20,71.34
24-Dec-20,71.05
28-Dec-20,71.12
29-Dec-20,70.75
30-Dec-20,70.91
31-Dec-20,70.84
1-Jan-21,70.7
4-Jan-21,70.87
5-Jan-21,71.03
6-Jan-21,71.19
7-Jan-21,70.84
8-Jan-21,70.6
11-Jan-21,70.52
12-Jan-21,70.4
13-Jan-21,70.55
14-Jan-21,70.29
15-Jan-21,70.37
19-Jan-21,70.35
20-Jan-21,70.48
21-Jan-21,70.58
22-Jan-21,70.49
25-Jan-21,70.32
27-Jan-21,70.23
28-Jan-21,70.07
29-Jan-21,69.82
1-Feb-21,69.75
2-Feb-21,69.53
3-Feb-21,69.44
4-Feb-21,69.33
5-Feb-21,69.07
8-Feb-21,69.05
9-Feb-21,69.51
10-Feb-21,69.66
11-Feb-21,69.59
12-Feb-21,69.44
15-Feb-21,69.07
16-Feb-21,68.91
17-Feb-21,68.77
18-Feb-21,68.68
22-Feb-21,68.5
23-Feb-21,68.86
24-Feb-21,68.51
25-Feb-21,68.45
26-Feb-21,68.78
1-Mar-21,68.78
2-Mar-21,68.66
3-Mar-21,68.37
4-Mar-21,67.88
5-Mar-21,67.27
8-Mar-21,67.33
9-Mar-21,66.99
10-Mar-21,67.02
12-Mar-21,66.77
15-Mar-21,66.53
16-Mar-21,66.4
17-Mar-21,66.52
18-Mar-21,66.61
19-Mar-21,66.64
22-Mar-21,66.56
23-Mar-21,66.48
24-Mar-21,66.96
25-Mar-21,66.63
26-Mar-21,66.26
30-Mar-21,66.34
31-Mar-21,66.36
5-Apr-21,66.36
6-Apr-21,66.5
7-Apr-21,67.49
8-Apr-21,67.79
9-Apr-21,68.43
12-Apr-21,68.34
15-Apr-21,69.02
16-Apr-21,68.49
19-Apr-21,69.01
20-Apr-21,68.95
22-Apr-21,69.43
23-Apr-21,69.4
26-Apr-21,69.34
27-Apr-21,68.92
28-Apr-21,68.28
29-Apr-21,68.13
30-Apr-21,68.02
3-May-21,67.7
4-May-21,67.56
5-May-21,67.58
6-May-21,67.63
7-May-21,67.55
10-May-21,67.41
11-May-21,67.44
12-May-21,67.51
14-May-21,67.01
17-May-21,67.06
18-May-21,66.95
19-May-21,66.95
20-May-21,67.01
21-May-21,67.14
24-May-21,67.03
25-May-21,66.97
27-May-21,66.56
28-May-21,65.96
31-May-21,66.08
1-Jun-21,66.48
2-Jun-21,66.72
3-Jun-21,66.59
4-Jun-21,66.25
7-Jun-21,66.49
8-Jun-21,66.55
9-Jun-21,66.69
10-Jun-21,66.67
11-Jun-21,66.7
14-Jun-21,66.7
15-Jun-21,66.58
16-Jun-21,66.63
17-Jun-21,66.6
18-Jun-21,67.35
21-Jun-21,67.45
22-Jun-21,67.13
23-Jun-21,67.1
24-Jun-21,66.97
25-Jun-21,66.92
28-Jun-21,67.03
29-Jun-21,67.1
30-Jun-21,67.28
1-Jul-21,66.92
2-Jul-21,67.01
5-Jul-21,67.01
6-Jul-21,67.05
7-Jul-21,67.52
8-Jul-21,67.77
9-Jul-21,67.79
12-Jul-21,67.57
13-Jul-21,67.49
14-Jul-21,67.51
15-Jul-21,67.84
16-Jul-21,67.84
19-Jul-21,68.02
20-Jul-21,68.36
22-Jul-21,67.51
23-Jul-21,67.49
26-Jul-21,67.51
27-Jul-21,67.53
28-Jul-21,67.77
29-Jul-21,67.66
30-Jul-21,67.89
2-Aug-21,67.85
3-Aug-21,68.08
4-Aug-21,67.95
5-Aug-21,67.69
6-Aug-21,67.55
9-Aug-21,67.39
10-Aug-21,67.39
11-Aug-21,67.22
12-Aug-21,67.28
13-Aug-21,67.3
17-Aug-21,67.95
18-Aug-21,67.8
20-Aug-21,67.87
23-Aug-21,67.55
24-Aug-21,67.51
25-Aug-21,67.73
26-Aug-21,67.49
27-Aug-21,67.4
30-Aug-21,66.96
31-Aug-21,66.6
1-Sep-21,66.18
2-Sep-21,66.36
3-Sep-21,66.4
6-Sep-21,66.54
7-Sep-21,66.69
8-Sep-21,66.69
9-Sep-21,66.94
13-Sep-21,66.89
14-Sep-21,66.9
15-Sep-21,67.25
16-Sep-21,67.18
17-Sep-21,66.89
20-Sep-21,67.04
21-Sep-21,67.16
22-Sep-21,67.36
23-Sep-21,67.11
24-Sep-21,66.66
27-Sep-21,66.55
28-Sep-21,66.33
29-Sep-21,66.52
30-Sep-21,66.35
1-Oct-21,66.79
4-Oct-21,66.89
5-Oct-21,67.03
6-Oct-21,66.78
7-Oct-21,67.16
8-Oct-21,67.01
11-Oct-21,66.67
12-Oct-21,66.59
13-Oct-21,66.49
14-Oct-21,66.33
18-Oct-21,65.93
20-Oct-21,65.55
21-Oct-21,65.55
22-Oct-21,65.63
25-Oct-21,66.02
26-Oct-21,65.93
27-Oct-21,65.72
28-Oct-21,65.9
29-Oct-21,65.86
1-Nov-21,65.59
2-Nov-21,65.76
3-Nov-21,65.49
8-Nov-21,65.23
9-Nov-21,65.52
10-Nov-21,65.69
11-Nov-21,65.37
12-Nov-21,65.18
15-Nov-21,65.3
16-Nov-21,65.2
17-Nov-21,64.76
18-Nov-21,64.91
22-Nov-21,65.16
23-Nov-21,64.73
24-Nov-21,64.71
25-Nov-21,64.57
26-Nov-21,65.2
29-Nov-21,66.4
30-Nov-21,66.34
1-Dec-21,65.96
2-Dec-21,66.33
3-Dec-21,66.21
6-Dec-21,66.6
7-Dec-21,66.26
8-Dec-21,66.48
9-Dec-21,66.43
10-Dec-21,66.68
13-Dec-21,66.67
14-Dec-21,66.8
15-Dec-21,66.87
16-Dec-21,66.77
17-Dec-21,67.07
20-Dec-21,66.97
21-Dec-21,66.45
22-Dec-21,66.23
23-Dec-21,65.98
24-Dec-21,65.69
27-Dec-21,65.62
28-Dec-21,65.16
29-Dec-21,65.04
30-Dec-21,64.77
31-Dec-21,64.54
3-Jan-22,64.43
4-Jan-22,64.41
5-Jan-22,64.2
6-Jan-22,64.25
7-Jan-22,64.08
10-Jan-22,64.04
11-Jan-22,64.16
12-Jan-22,64.16
13-Jan-22,64.5
14-Jan-22,65.17
17-Jan-22,64.9
18-Jan-22,64.79
19-Jan-22,65.28
20-Jan-22,64.97
21-Jan-22,65.48
24-Jan-22,65.52
25-Jan-22,65.6
27-Jan-22,65.54
28-Jan-22,64.95
31-Jan-22,64.92
1-Feb-22,64.81
2-Feb-22,65.22
3-Feb-22,65.35
4-Feb-22,64.99
8-Feb-22,64.66
9-Feb-22,64.76
10-Feb-22,64.78
11-Feb-22,64.91
14-Feb-22,65.47
15-Feb-22,65.6
16-Feb-22,64.92
17-Feb-22,65.17
18-Feb-22,65.04
21-Feb-22,64.78
22-Feb-22,65.26
23-Feb-22,64.86
24-Feb-22,65.69
25-Feb-22,65.32
28-Feb-22,65.34
2-Mar-22,65.76
3-Mar-22,65.45
4-Mar-22,65.91
7-Mar-22,66.93
8-Mar-22,66.58
9-Mar-22,66.39
10-Mar-22,65.59
11-Mar-22,65.51
14-Mar-22,65.04
15-Mar-22,64.64
16-Mar-22,64.54
17-Mar-22,63.88
21-Mar-22,63.84
22-Mar-22,63.45
23-Mar-22,62.91
24-Mar-22,62.84
25-Mar-22,62.54
28-Mar-22,61.93
29-Mar-22,61.57
30-Mar-22,62.24
31-Mar-22,62.23
4-Apr-22,61.57
5-Apr-22,61.51
6-Apr-22,61
7-Apr-22,61.29
8-Apr-22,61.08
11-Apr-22,60.58
12-Apr-22,60.57
13-Apr-22,60.52
18-Apr-22,60.31
19-Apr-22,59.48
20-Apr-22,59.39
21-Apr-22,59.48
22-Apr-22,59.65
25-Apr-22,59.8
26-Apr-22,59.88
27-Apr-22,59.89
28-Apr-22,58.88
29-Apr-22,58.66
2-May-22,58.65
4-May-22,58.76
5-May-22,58.83
6-May-22,58.75
9-May-22,59.03
10-May-22,59.32
11-May-22,59.31
12-May-22,59.93
13-May-22,60.09
17-May-22,60.07
18-May-22,60.06
19-May-22,60.45
20-May-22,60.69
23-May-22,60.72
24-May-22,60.8
25-May-22,61.05
26-May-22,60.99
27-May-22,61.21
30-May-22,60.97
31-May-22,60.73
1-Jun-22,60.01
2-Jun-22,59.71
3-Jun-22,59.74
6-Jun-22,59.45
7-Jun-22,58.48
8-Jun-22,58.4
9-Jun-22,58.12
10-Jun-22,58.14
13-Jun-22,58.04
14-Jun-22,57.92
15-Jun-22,57.96
16-Jun-22,58.14
17-Jun-22,58.23
20-Jun-22,57.82
21-Jun-22,57.8
22-Jun-22,57.34
23-Jun-22,57.63
24-Jun-22,58.12
27-Jun-22,57.95
28-Jun-22,58.08
29-Jun-22,58.08
30-Jun-22,57.96
1-Jul-22,58.62
4-Jul-22,58.33
5-Jul-22,58.08
6-Jul-22,58.61
7-Jul-22,58.17
8-Jul-22,58.4
11-Jul-22,57.98
12-Jul-22,57.99
13-Jul-22,58.12
14-Jul-22,57.61
15-Jul-22,57.53
18-Jul-22,57.8
19-Jul-22,57.97
20-Jul-22,57.88
21-Jul-22,57.84
22-Jul-22,57.96
25-Jul-22,58.54
26-Jul-22,58.37
27-Jul-22,58.36
28-Jul-22,58.93
29-Jul-22,59.73
1-Aug-22,59.72
2-Aug-22,60.04
3-Aug-22,59.17
4-Aug-22,59.29
5-Aug-22,59.33
8-Aug-22,58.8
10-Aug-22,58.86
11-Aug-22,59.78
12-Aug-22,59.8
17-Aug-22,59.05
18-Aug-22,58.89
19-Aug-22,58.51
22-Aug-22,58.26
23-Aug-22,58.16
24-Aug-22,58.36
25-Aug-22,58.44
26-Aug-22,58.37
29-Aug-22,57.71
30-Aug-22,57.54
1-Sep-22,56.96
2-Sep-22,56.85
5-Sep-22,56.9
6-Sep-22,56.59
7-Sep-22,55.46
8-Sep-22,55.49
9-Sep-22,55.72
12-Sep-22,55.56
13-Sep-22,55.62
14-Sep-22,55.4
15-Sep-22,55.41
16-Sep-22,55.6
19-Sep-22,55.59
20-Sep-22,55.58
21-Sep-22,55.61
22-Sep-22,55.57
23-Sep-22,56.91
26-Sep-22,56.71
27-Sep-22,56.39
28-Sep-22,56.6
29-Sep-22,56.59
30-Sep-22,56.44
3-Oct-22,56.41
4-Oct-22,56.22
6-Oct-22,56.53
7-Oct-22,56.82
10-Oct-22,56.7
11-Oct-22,56.51
12-Oct-22,56.25
13-Oct-22,56.11
14-Oct-22,55.89
17-Oct-22,55.42
18-Oct-22,55.23
19-Oct-22,55.16
20-Oct-22,55.49
21-Oct-22,55.09
25-Oct-22,55.58
28-Oct-22,56.25
31-Oct-22,55.74
1-Nov-22,55.93
2-Nov-22,56.16
3-Nov-22,56.16
4-Nov-22,55.78
7-Nov-22,55.84
9-Nov-22,55.89
10-Nov-22,55.91
11-Nov-22,56.96
14-Nov-22,58.27
15-Nov-22,58.02
16-Nov-22,58.17
17-Nov-22,58.53
18-Nov-22,58.42
21-Nov-22,58.18
22-Nov-22,57.66
23-Nov-22,57.88
24-Nov-22,58.86
25-Nov-22,58.79
28-Nov-22,59.13
29-Nov-22,58.96
30-Nov-22,58.95
1-Dec-22,59.49
2-Dec-22,60.07
5-Dec-22,60.62
6-Dec-22,59.94
7-Dec-22,59.93
8-Dec-22,60.17
9-Dec-22,60.41
12-Dec-22,60.31
13-Dec-22,60.13
14-Dec-22,60.91
15-Dec-22,60.8
16-Dec-22,60.35
19-Dec-22,60.76
20-Dec-22,62.3
21-Dec-22,62.65
22-Dec-22,62.72
23-Dec-22,62.46
26-Dec-22,62.39
27-Dec-22,62.33
28-Dec-22,61.9
29-Dec-22,62
30-Dec-22,62.45
2-Jan-23,63.11
3-Jan-23,63.78
4-Jan-23,63.41
5-Jan-23,62.49
6-Jan-23,61.63
9-Jan-23,62.47
10-Jan-23,62.35
11-Jan-23,61.74
12-Jan-23,62.06
13-Jan-23,63.1
16-Jan-23,63.76
17-Jan-23,63.52
18-Jan-23,62.38
19-Jan-23,63.63
20-Jan-23,62.92
23-Jan-23,62.49
24-Jan-23,62.71
25-Jan-23,62.59
27-Jan-23,62.77
30-Jan-23,63.04
31-Jan-23,62.77
1-Feb-23,62.84
2-Feb-23,63.68
3-Feb-23,63.94
6-Feb-23,62.58
7-Feb-23,62.57
8-Feb-23,63.01
9-Feb-23,62.91
10-Feb-23,62.76
13-Feb-23,62.57
14-Feb-23,62.67
15-Feb-23,62.18
16-Feb-23,61.71
17-Feb-23,61.45
20-Feb-23,61.67
21-Feb-23,61.58
22-Feb-23,61.43
23-Feb-23,61.4
24-Feb-23,61.49
27-Feb-23,60.84
28-Feb-23,60.68
1-Mar-23,60.55
2-Mar-23,60.4
3-Mar-23,60.27
6-Mar-23,60.18
8-Mar-23,59.61
9-Mar-23,59.92
10-Mar-23,59.98
13-Mar-23,60.94
14-Mar-23,61.64
15-Mar-23,61.22
16-Mar-23,62.22
17-Mar-23,62.03
20-Mar-23,62.73
21-Mar-23,62.89
